BRANCH_ID,BRANCH_NAME,BRANCH_TYPE,ADDRESS,CITY,STATE,ZIP_CODE,LATITUDE,LONGITUDE,REGION,DISTRICT,PHONE,MANAGER_NAME,OPEN_DATE,EMPLOYEE_COUNT,IS_ACTIVE,_SOURCE_TABLE,_ROW_HASH,_LOADED_AT,_SOURCE_SYSTEM,_IS_CURRENT,_VALID_FROM,_VALID_TO
BR-01001,United Rentals - New York #1,BRANCH,43321 Brittany Bypass,New York,NY,04406,40.715589,-74.0155,NORTHEAST,NY-NOR,833-589-0838,Donald Booth,2020-08-18,25,TRUE,UR_BRANCHES,bebd24a9a849ae814676a7364d36b1705f06c5bd5f9b94356108b333913ac197,2026-03-20T07:54:06.955156,UNITED_RENTALS,TRUE,2026-03-20T07:54:06.955158,9999-12-31T00:00:00
BR-01002,United Rentals - New York Specialty #2,SPECIALTY,654 Jason Track,New York,NY,44619,40.697494,-74.027628,NORTHEAST,NY-NOR,916-315-5940,Jamie Arnold,2021-12-21,14,TRUE,UR_BRANCHES,71a73153a7de12795f394fb2b8a83fe3cd3334aa802d5485d29fe8410b82785b,2026-03-20T07:54:06.955322,UNITED_RENTALS,TRUE,2026-03-20T07:54:06.955323,9999-12-31T00:00:00
BR-01003,United Rentals - New York Tool Rental #3,TOOL_RENTAL,310 Kendra Common Apt. 164,New York,NY,59930,40.723402,-73.982469,NORTHEAST,NY-NOR,+1-952-855-3419x2832,Timothy Watts,2010-05-21,13,TRUE,UR_BRANCHES,2a90b46c3c12db0a03fd9887c187e077546a6703b3dcaa759a92b9fabb580302,2026-03-20T07:54:06.955444,UNITED_RENTALS,TRUE,2026-03-20T07:54:06.955445,9999-12-31T00:00:00
BR-01004,United Rentals - Boston #1,BRANCH,30564 Jason Port Suite 376,Boston,MA,84760,42.36191,-71.068264,NORTHEAST,MA-NOR,724.523.8849x696,Brenda Snyder PhD,2022-07-29,13,TRUE,UR_BRANCHES,4f1f41dc9fdd29c097a0d2934811cd2db30951deb1f5ccd5d9828fb1c360286a,2026-03-20T07:54:06.955562,UNITED_RENTALS,TRUE,2026-03-20T07:54:06.955562,9999-12-31T00:00:00
BR-01005,United Rentals - Boston Specialty #2,SPECIALTY,269 Paul Ranch,Boston,MA,61849,42.343218,-71.058579,NORTHEAST,MA-NOR,648.401.8451x46270,Ashley Garrett,2022-03-16,9,TRUE,UR_BRANCHES,4c8f1ec6fe674eb89a03ace7ec574959f96c818dcdb7a68ee7706e64dcc0689e,2026-03-20T07:54:06.955669,UNITED_RENTALS,TRUE,2026-03-20T07:54:06.955669,9999-12-31T00:00:00
BR-01006,United Rentals - Boston Tool Rental #3,TOOL_RENTAL,52880 Burns Creek,Boston,MA,48077,42.363775,-71.045939,NORTHEAST,MA-NOR,430-639-1171x8227,Lisa Brandt,2023-11-11,42,TRUE,UR_BRANCHES,75eca6b36c92d3277d1dd9b3f8f68303a43a6f7b2e692aa773b7725fbbaec478,2026-03-20T07:54:06.955782,UNITED_RENTALS,TRUE,2026-03-20T07:54:06.955782,9999-12-31T00:00:00
BR-01007,United Rentals - Philadelphia #1,BRANCH,465 Lam Mission,Philadelphia,PA,16361,39.95099,-75.166216,NORTHEAST,PA-NOR,531.250.9839,Mark Perez,2023-06-01,25,TRUE,UR_BRANCHES,642094f110eb395af259fcc93daee415a2448f08447ec9a6e1b6fe806857d74a,2026-03-20T07:54:06.955891,UNITED_RENTALS,TRUE,2026-03-20T07:54:06.955892,9999-12-31T00:00:00
BR-01008,United Rentals - Philadelphia Specialty #2,SPECIALTY,83473 Jennifer Ports Suite 376,Philadelphia,PA,25458,39.971166,-75.19481,NORTHEAST,PA-NOR,216-856-6701,Rebecca Rodriguez,2009-11-08,18,TRUE,UR_BRANCHES,db1f8fed2cd0807c08270121e6debf0e4a40204ae28e0b9155e80ee33931d365,2026-03-20T07:54:06.955994,UNITED_RENTALS,TRUE,2026-03-20T07:54:06.955995,9999-12-31T00:00:00
BR-01009,United Rentals - Philadelphia Tool Rental #3,TOOL_RENTAL,62473 Scott Wall Apt. 080,Philadelphia,PA,12725,39.964488,-75.174785,NORTHEAST,PA-NOR,001-932-667-7360x26064,Tyler Cowan,2016-10-09,17,TRUE,UR_BRANCHES,2b06440475c35b4e08a6e416825b06dbcf696a84358ee73059a02e871f0a16fc,2026-03-20T07:54:06.956101,UNITED_RENTALS,TRUE,2026-03-20T07:54:06.956101,9999-12-31T00:00:00
BR-01010,United Rentals - Pittsburgh #1,BRANCH,34309 Julie Centers Apt. 978,Pittsburgh,PA,70116,40.434906,-79.99063,NORTHEAST,PA-NOR,(808)312-1913,Laura Riley,2006-12-20,14,TRUE,UR_BRANCHES,5bc04f77827f227d3f15a3e57a3ca9dc7b6604065cb9c0089b6db06dfa0bba02,2026-03-20T07:54:06.956202,UNITED_RENTALS,TRUE,2026-03-20T07:54:06.956203,9999-12-31T00:00:00
BR-01011,United Rentals - Pittsburgh Specialty #2,SPECIALTY,9985 Harris Stravenue,Pittsburgh,PA,41681,40.416165,-80.020097,NORTHEAST,PA-NOR,946.324.7510,Daniel Baker,2023-12-11,30,TRUE,UR_BRANCHES,dc62abfcac070d711ce2e89861cfeb812dd266de9d17dfd0228406bc2917bc10,2026-03-20T07:54:06.956308,UNITED_RENTALS,TRUE,2026-03-20T07:54:06.956308,9999-12-31T00:00:00
BR-01012,United Rentals - Pittsburgh Tool Rental #3,TOOL_RENTAL,54278 Carr Valley,Pittsburgh,PA,86218,40.446824,-79.977472,NORTHEAST,PA-NOR,508.741.2411x82449,Mark Baker,2015-06-30,37,TRUE,UR_BRANCHES,3aee3afaee89c251874c418281e1d55b0e23baf0fa84adea79c4891fc152e50b,2026-03-20T07:54:06.956417,UNITED_RENTALS,TRUE,2026-03-20T07:54:06.956418,9999-12-31T00:00:00
BR-01013,United Rentals - Hartford #1,BRANCH,64005 Dana Greens,Hartford,CT,21679,41.766525,-72.663938,NORTHEAST,CT-NOR,001-478-868-0112x8059,Eric Nolan,2021-05-04,32,TRUE,UR_BRANCHES,f2b7f5b977441bc72c53dbbe739dda40d616ad85b2ceec2168d11692fd3bd611,2026-03-20T07:54:06.956516,UNITED_RENTALS,TRUE,2026-03-20T07:54:06.956516,9999-12-31T00:00:00
BR-01014,United Rentals - Hartford Specialty #2,SPECIALTY,3315 Dickson Summit,Hartford,CT,20758,41.740528,-72.685809,NORTHEAST,CT-NOR,622.460.2563,Ashley Brennan,2022-07-11,31,TRUE,UR_BRANCHES,e4cfc135898de93350056aa779a3a33a0afabbabbb1663099504f74f97129fbd,2026-03-20T07:54:06.956626,UNITED_RENTALS,TRUE,2026-03-20T07:54:06.956627,9999-12-31T00:00:00
BR-01015,United Rentals - Hartford Tool Rental #3,TOOL_RENTAL,75433 Donna Locks,Hartford,CT,43526,41.770441,-72.661126,NORTHEAST,CT-NOR,614-258-6850x142,Jeffrey Chandler,2012-03-04,10,TRUE,UR_BRANCHES,f1a6975ecf42e1a34fdbabb6b9c95fcddce20a3b3e22ef5daeb0d9e6effae19e,2026-03-20T07:54:06.956724,UNITED_RENTALS,TRUE,2026-03-20T07:54:06.956724,9999-12-31T00:00:00
BR-01016,United Rentals - Baltimore #1,BRANCH,9340 Smith Valley,Baltimore,MD,71076,39.293625,-76.606739,NORTHEAST,MD-NOR,+1-835-661-5951x48465,Cheryl Ortega,2013-06-01,13,TRUE,UR_BRANCHES,7944490b5db0907923de3ad84e2c8c8cf816af03615d3b3e52bec890f12d7849,2026-03-20T07:54:06.956833,UNITED_RENTALS,TRUE,2026-03-20T07:54:06.956834,9999-12-31T00:00:00
BR-01017,United Rentals - Baltimore Specialty #2,SPECIALTY,946 Kevin Fords,Baltimore,MD,56847,39.311719,-76.590211,NORTHEAST,MD-NOR,001-495-377-7387,Matthew Harvey,2007-12-28,32,TRUE,UR_BRANCHES,2352a3be4f5920134951a9875bd877ad4d570cb7591b064110daba9870fc9d6f,2026-03-20T07:54:06.956936,UNITED_RENTALS,TRUE,2026-03-20T07:54:06.956937,9999-12-31T00:00:00
BR-01018,United Rentals - Baltimore Tool Rental #3,TOOL_RENTAL,433 Andrew Gardens,Baltimore,MD,62778,39.277078,-76.604059,NORTHEAST,MD-NOR,+1-317-869-3676x320,Robert Dominguez,2015-01-15,31,TRUE,UR_BRANCHES,bdc4a9a04ace9d92eccbe2fa0e7b94c20fc5aa1729078c9e9cc7f6114686f4bd,2026-03-20T07:54:06.957032,UNITED_RENTALS,TRUE,2026-03-20T07:54:06.957033,9999-12-31T00:00:00
BR-01019,United Rentals - Newark #1,BRANCH,72788 Dodson Mills,Newark,NJ,80802,40.728953,-74.175295,NORTHEAST,NJ-NOR,001-586-687-2774x3487,Micheal Young,2012-08-05,25,TRUE,UR_BRANCHES,281865f6543c484224ec9c1f1ba2e3bef107ba303af84bf68197815324ecc457,2026-03-20T07:54:06.957141,UNITED_RENTALS,TRUE,2026-03-20T07:54:06.957141,9999-12-31T00:00:00
BR-01020,United Rentals - Newark Specialty #2,SPECIALTY,23623 Robert Isle,Newark,NJ,71622,40.747809,-74.161387,NORTHEAST,NJ-NOR,760.636.6909x670,Sarah Ashley,2014-03-05,12,TRUE,UR_BRANCHES,c47d121bdca4502aedc296724a0ec76b404a99c4ce6f510f25dd6608c0236620,2026-03-20T07:54:06.957239,UNITED_RENTALS,TRUE,2026-03-20T07:54:06.957240,9999-12-31T00:00:00
BR-01021,United Rentals - Newark Tool Rental #3,TOOL_RENTAL,3467 Paul Skyway,Newark,NJ,89517,40.742248,-74.192132,NORTHEAST,NJ-NOR,(427)929-8069x9016,David Murphy,2014-11-08,23,TRUE,UR_BRANCHES,6939314856d4b55e93b699da55f2283230e3e252b3756c963ce75ba16084341c,2026-03-20T07:54:06.957337,UNITED_RENTALS,TRUE,2026-03-20T07:54:06.957338,9999-12-31T00:00:00
BR-01022,United Rentals - Atlanta #1,BRANCH,4641 Smith Plains Apt. 531,Atlanta,GA,85927,33.742268,-84.390411,SOUTHEAST,GA-SOU,9033309232,Claudia Lyons,2020-10-13,43,TRUE,UR_BRANCHES,89a9047cbb4c11c4fe98d8675bb991fa0410de4bc998109556a78d4cd939e3d7,2026-03-20T07:54:06.957446,UNITED_RENTALS,TRUE,2026-03-20T07:54:06.957446,9999-12-31T00:00:00
BR-01023,United Rentals - Atlanta Specialty #2,SPECIALTY,912 Rodriguez Burg,Atlanta,GA,41389,33.732177,-84.398543,SOUTHEAST,GA-SOU,001-366-231-9314,Jeffrey Wood,2015-10-29,11,TRUE,UR_BRANCHES,f25cb468b1236ca22d79559dc409c0fe14cbea14efb2dc852a14d9b93c60ac09,2026-03-20T07:54:06.957551,UNITED_RENTALS,TRUE,2026-03-20T07:54:06.957552,9999-12-31T00:00:00
BR-01024,United Rentals - Atlanta Tool Rental #3,TOOL_RENTAL,67165 Zimmerman Mews Apt. 849,Atlanta,GA,71040,33.732743,-84.416074,SOUTHEAST,GA-SOU,001-877-769-4531x47379,Samuel White,2010-03-30,28,TRUE,UR_BRANCHES,fa6f70e7e03beb4f47c5c4ca108cd28f592894bc9c12494ecd791948a77ae7d4,2026-03-20T07:54:06.957712,UNITED_RENTALS,TRUE,2026-03-20T07:54:06.957713,9999-12-31T00:00:00
BR-01025,United Rentals - Charlotte #1,BRANCH,4948 Zachary Field Apt. 367,Charlotte,NC,73269,35.225123,-80.851776,SOUTHEAST,NC-SOU,001-937-777-0143x63495,Patrick Rivera,2019-07-27,44,TRUE,UR_BRANCHES,1ecc62ef9cff05fe9d1e49d6c00ef38d9f6a8e65aec872fc0ee680ec0ef84c32,2026-03-20T07:54:06.957844,UNITED_RENTALS,TRUE,2026-03-20T07:54:06.957845,9999-12-31T00:00:00
BR-01026,United Rentals - Charlotte Specialty #2,SPECIALTY,4313 Wilson Plain Apt. 337,Charlotte,NC,36742,35.249682,-80.854219,SOUTHEAST,NC-SOU,001-498-694-1343x5240,Anthony Carter,2024-02-25,39,TRUE,UR_BRANCHES,9704c4dbde57f384dfe18e96c2cd7c68d370d73444ad89b1bf2cf985cb98dac1,2026-03-20T07:54:06.957969,UNITED_RENTALS,TRUE,2026-03-20T07:54:06.957970,9999-12-31T00:00:00
BR-01027,United Rentals - Charlotte Tool Rental #3,TOOL_RENTAL,09477 Peterson Center Suite 711,Charlotte,NC,53022,35.220838,-80.818227,SOUTHEAST,NC-SOU,519.802.2941x3186,Jeremy Dalton,2025-01-08,37,TRUE,UR_BRANCHES,96325e03ba8f84c80c90d4ae22842baaee4744bfb8cf8efa43d605c68e00402d,2026-03-20T07:54:06.958091,UNITED_RENTALS,TRUE,2026-03-20T07:54:06.958091,9999-12-31T00:00:00
BR-01028,United Rentals - Miami #1,BRANCH,909 Stacey Fords Apt. 412,Miami,FL,31940,25.754557,-80.199007,SOUTHEAST,FL-SOU,(681)220-6797,Michael Warner,2014-11-03,43,TRUE,UR_BRANCHES,4405d353e93e4dd16d6456ce936bc3def2ddade898f9bdb876395efc89ef1ecf,2026-03-20T07:54:06.958191,UNITED_RENTALS,TRUE,2026-03-20T07:54:06.958192,9999-12-31T00:00:00
BR-01029,United Rentals - Miami Specialty #2,SPECIALTY,9361 Deborah Grove,Miami,FL,19144,25.764039,-80.176979,SOUTHEAST,FL-SOU,902-649-9471,Terri Mason,2015-08-06,35,TRUE,UR_BRANCHES,d39f89492b199be91bbf4073cb0ba93d7ce0a22f5576a4b97a83840e6b4a058a,2026-03-20T07:54:06.958290,UNITED_RENTALS,TRUE,2026-03-20T07:54:06.958291,9999-12-31T00:00:00
BR-01030,United Rentals - Miami Tool Rental #3,TOOL_RENTAL,065 Johnson Forks,Miami,FL,88882,25.785569,-80.197836,SOUTHEAST,FL-SOU,001-990-649-0278,Kevin Walters,2015-07-23,22,TRUE,UR_BRANCHES,2c69a603bee4998c09baaad320c0508523d19d994df7d4da56eb44d7f8a6e11f,2026-03-20T07:54:06.958403,UNITED_RENTALS,TRUE,2026-03-20T07:54:06.958404,9999-12-31T00:00:00
BR-01031,United Rentals - Tampa #1,BRANCH,5655 Mia Isle,Tampa,FL,54456,27.960547,-82.464433,SOUTHEAST,FL-SOU,001-874-268-0715x451,Kimberly Gutierrez,2009-10-11,39,TRUE,UR_BRANCHES,4c6318717c343508ad2e9aaa47472cc1d7af2006bf4bf90d9d42bffa057f7406,2026-03-20T07:54:06.958500,UNITED_RENTALS,TRUE,2026-03-20T07:54:06.958500,9999-12-31T00:00:00
BR-01032,United Rentals - Tampa Specialty #2,SPECIALTY,770 Joseph Curve Suite 771,Tampa,FL,04284,27.926055,-82.484373,SOUTHEAST,FL-SOU,+1-393-424-8086x1317,Dr. Jordan Hill PhD,2024-11-01,15,TRUE,UR_BRANCHES,09a40e756ef1a881d54619e2be1e8c061015e75943626fe02d9e9e859a2243c3,2026-03-20T07:54:06.958607,UNITED_RENTALS,TRUE,2026-03-20T07:54:06.958608,9999-12-31T00:00:00
BR-01033,United Rentals - Tampa Tool Rental #3,TOOL_RENTAL,8263 Michelle Harbor,Tampa,FL,54888,27.92977,-82.477601,SOUTHEAST,FL-SOU,784-804-4997x27875,Frank Lopez,2019-06-19,35,TRUE,UR_BRANCHES,3201315029475f2b8709b1f07b818d76424d4bb6178f155706a3b9335fccbd17,2026-03-20T07:54:06.958708,UNITED_RENTALS,TRUE,2026-03-20T07:54:06.958709,9999-12-31T00:00:00
BR-01034,United Rentals - Nashville #1,BRANCH,60576 Mcneil Turnpike Apt. 702,Nashville,TN,66337,36.164628,-86.783905,SOUTHEAST,TN-SOU,001-851-471-8702,Richard Baker,2018-01-20,37,TRUE,UR_BRANCHES,deae14b390f920a4aef203b4b310689946e5207047912e0c7e306b867664c681,2026-03-20T07:54:06.958821,UNITED_RENTALS,TRUE,2026-03-20T07:54:06.958822,9999-12-31T00:00:00
BR-01035,United Rentals - Nashville Specialty #2,SPECIALTY,158 Finley Road Suite 809,Nashville,TN,09469,36.164447,-86.753335,SOUTHEAST,TN-SOU,643.216.1172,Robert Carter,2013-05-03,8,TRUE,UR_BRANCHES,d58aea4c2a8af6e526b223da40b497b534d10baa691f8903e7f64ba0ede2af2c,2026-03-20T07:54:06.958929,UNITED_RENTALS,TRUE,2026-03-20T07:54:06.958929,9999-12-31T00:00:00
BR-01036,United Rentals - Nashville Tool Rental #3,TOOL_RENTAL,86922 Christian Ways,Nashville,TN,50641,36.173517,-86.804727,SOUTHEAST,TN-SOU,+1-637-492-3747x407,Tony Huerta,2011-11-24,42,TRUE,UR_BRANCHES,af177f22259f1958ddd2a1be6c4800f29a3e74dc7f0b7651be6f46acfc64500a,2026-03-20T07:54:06.959023,UNITED_RENTALS,TRUE,2026-03-20T07:54:06.959024,9999-12-31T00:00:00
BR-01037,United Rentals - Raleigh #1,BRANCH,474 Yvonne Walk Suite 136,Raleigh,NC,75464,35.784618,-78.632828,SOUTHEAST,NC-SOU,(694)540-6409x097,Heather Fields,2018-01-04,29,TRUE,UR_BRANCHES,30fa9e9ef0e6ed1c17f65221e0b1ad9b672e787642afefa9166d7627bc70bae4,2026-03-20T07:54:06.959120,UNITED_RENTALS,TRUE,2026-03-20T07:54:06.959121,9999-12-31T00:00:00
BR-01038,United Rentals - Raleigh Specialty #2,SPECIALTY,104 Johnson Lakes,Raleigh,NC,96492,35.756293,-78.642114,SOUTHEAST,NC-SOU,(714)656-2328,Dawn Summers,2015-05-15,37,TRUE,UR_BRANCHES,c9a4e86484ab72f8398bb2badf17c759da85a4f177ead79be4091092e2aa59d8,2026-03-20T07:54:06.959236,UNITED_RENTALS,TRUE,2026-03-20T07:54:06.959240,9999-12-31T00:00:00
BR-01039,United Rentals - Raleigh Tool Rental #3,TOOL_RENTAL,517 Donald Fork Suite 851,Raleigh,NC,52218,35.749795,-78.624874,SOUTHEAST,NC-SOU,7483175496,Kaitlyn Harvey,2024-02-18,24,TRUE,UR_BRANCHES,6a9e1201d454afb47bbc01446814aa4602d8561e3af90409be8e656c0167b9ef,2026-03-20T07:54:06.959334,UNITED_RENTALS,TRUE,2026-03-20T07:54:06.959335,9999-12-31T00:00:00
BR-01040,United Rentals - Jacksonville #1,BRANCH,317 Banks Crescent Apt. 004,Jacksonville,FL,65070,30.341638,-81.650461,SOUTHEAST,FL-SOU,813-482-6758,Mary Bass,2017-11-29,40,TRUE,UR_BRANCHES,fc38d3a878cbe7bf1f315a48dcef2795530c896a65ecdba0f7bce9b14f01138d,2026-03-20T07:54:06.959440,UNITED_RENTALS,TRUE,2026-03-20T07:54:06.959441,9999-12-31T00:00:00
BR-01041,United Rentals - Jacksonville Specialty #2,SPECIALTY,53773 Garcia Spur Suite 850,Jacksonville,FL,52685,30.356958,-81.633469,SOUTHEAST,FL-SOU,531-371-3900x532,Kristen Willis,2021-08-29,27,TRUE,UR_BRANCHES,68b0d445fec7e89ee59cb05891b3f0d6806ded58fc6e207dba8a82b48b0e806c,2026-03-20T07:54:06.959553,UNITED_RENTALS,TRUE,2026-03-20T07:54:06.959553,9999-12-31T00:00:00
BR-01042,United Rentals - Jacksonville Tool Rental #3,TOOL_RENTAL,2904 Vanessa Plains,Jacksonville,FL,33354,30.3527,-81.65524,SOUTHEAST,FL-SOU,(210)420-5395,Cameron Fisher,2008-05-16,20,TRUE,UR_BRANCHES,4bb54a08dfdf7e23031c28fea713bd743189089890a41ca4e64a9cc3b8a908f3,2026-03-20T07:54:06.959648,UNITED_RENTALS,TRUE,2026-03-20T07:54:06.959649,9999-12-31T00:00:00
BR-01043,United Rentals - Richmond #1,BRANCH,7589 Shannon Forges,Richmond,VA,81124,37.533757,-77.43075,SOUTHEAST,VA-SOU,3849700766,Jill Lam,2012-05-02,42,TRUE,UR_BRANCHES,42a90cb5b003482a2704f6c5dbea4368cdd121347f94189b9cafcd16ad90ec69,2026-03-20T07:54:06.959741,UNITED_RENTALS,TRUE,2026-03-20T07:54:06.959741,9999-12-31T00:00:00
BR-01044,United Rentals - Richmond Specialty #2,SPECIALTY,24998 James Ranch,Richmond,VA,70042,37.56791,-77.410654,SOUTHEAST,VA-SOU,778-996-1183x6736,Nicholas Edwards,2012-02-25,8,TRUE,UR_BRANCHES,9ddc07c326bf48597aa53410d4308497a7e74a8918a083ec973174c2e0b6e234,2026-03-20T07:54:06.959848,UNITED_RENTALS,TRUE,2026-03-20T07:54:06.959848,9999-12-31T00:00:00
BR-01045,United Rentals - Richmond Tool Rental #3,TOOL_RENTAL,2711 Christopher Court Suite 280,Richmond,VA,77370,37.546637,-77.436684,SOUTHEAST,VA-SOU,+1-685-716-5604,Jordan Moore,2015-05-17,15,TRUE,UR_BRANCHES,63bd3ee5557ca33adc920cb24098264b4c17477191769527bd369b588041ffbf,2026-03-20T07:54:06.959947,UNITED_RENTALS,TRUE,2026-03-20T07:54:06.959948,9999-12-31T00:00:00
BR-01046,United Rentals - Chicago #1,BRANCH,8514 Lindsay Vista,Chicago,IL,74027,41.886682,-87.622226,MIDWEST,IL-MID,001-499-480-9402x44550,Jennifer Thomas,2018-03-30,27,TRUE,UR_BRANCHES,38c62f1ec836a2b0eff43433ff99a1726d872f9654ffcdc011beabd4b100cb5b,2026-03-20T07:54:06.960048,UNITED_RENTALS,TRUE,2026-03-20T07:54:06.960049,9999-12-31T00:00:00
BR-01047,United Rentals - Chicago Specialty #2,SPECIALTY,83667 Moore Inlet,Chicago,IL,95082,41.862467,-87.645348,MIDWEST,IL-MID,999-810-2290x14767,Paul Wilson,2014-05-20,44,TRUE,UR_BRANCHES,463d7ef79f82ad4cf41cd1bd3d951ca014971f0e111933daf3fa46dff0df4593,2026-03-20T07:54:06.960153,UNITED_RENTALS,TRUE,2026-03-20T07:54:06.960153,9999-12-31T00:00:00
BR-01048,United Rentals - Chicago Tool Rental #3,TOOL_RENTAL,978 Williams Locks Apt. 034,Chicago,IL,28187,41.904917,-87.654661,MIDWEST,IL-MID,001-724-345-1076x22683,Patrick Graham,2014-12-13,39,TRUE,UR_BRANCHES,543401d40c58e432b405ca08e3fc40adfd7d8e7743ca5193d3ad74a76f4d5ecd,2026-03-20T07:54:06.960258,UNITED_RENTALS,TRUE,2026-03-20T07:54:06.960259,9999-12-31T00:00:00
BR-01049,United Rentals - Detroit #1,BRANCH,9696 Roberts Lodge,Detroit,MI,03234,42.33772,-83.03624,MIDWEST,MI-MID,829-675-1613x69681,Connie Maxwell,2007-08-31,42,TRUE,UR_BRANCHES,0f0f6bd6dba45c56feb3f5b5735ea3ed7022cafe13385cebae46efb78957fd62,2026-03-20T07:54:06.960360,UNITED_RENTALS,TRUE,2026-03-20T07:54:06.960360,9999-12-31T00:00:00
BR-01050,United Rentals - Detroit Specialty #2,SPECIALTY,835 Luna Viaduct,Detroit,MI,85100,42.34735,-83.068097,MIDWEST,MI-MID,(331)424-3292,Lori Marshall,2016-12-03,38,TRUE,UR_BRANCHES,b2e508e7f7bf9fb5107cd09f975ef4fb816a466a84e207303d288e4aabfee95b,2026-03-20T07:54:06.960460,UNITED_RENTALS,TRUE,2026-03-20T07:54:06.960461,9999-12-31T00:00:00
BR-01051,United Rentals - Detroit Tool Rental #3,TOOL_RENTAL,995 Hernandez Cliff Suite 744,Detroit,MI,78019,42.358211,-83.065892,MIDWEST,MI-MID,7586147700,Sean Wyatt,2017-11-24,41,TRUE,UR_BRANCHES,65e0b6d27758316c3a02b699a7f1d982e5a2ea7264e9979a15be063e4e77a27b,2026-03-20T07:54:06.960567,UNITED_RENTALS,TRUE,2026-03-20T07:54:06.960567,9999-12-31T00:00:00
BR-01052,United Rentals - Columbus #1,BRANCH,9807 Marc Mountains Apt. 071,Columbus,OH,45516,39.968649,-83.000337,MIDWEST,OH-MID,001-718-720-3778x892,Jasmine Schroeder,2019-02-10,21,TRUE,UR_BRANCHES,05dfd7b8520a820cad97c4f21393d7de19e9fd9f0f12ed92eb0e50d31d025a0a,2026-03-20T07:54:06.960663,UNITED_RENTALS,TRUE,2026-03-20T07:54:06.960664,9999-12-31T00:00:00
BR-01053,United Rentals - Columbus Specialty #2,SPECIALTY,515 Angela Lights,Columbus,OH,37744,39.986935,-82.983484,MIDWEST,OH-MID,392-651-9254x629,Maria Murphy,2008-08-22,20,TRUE,UR_BRANCHES,c7f939dd64735804d354b81f42b1cf620817dfb0a49c66baaa6453f727bb2d3e,2026-03-20T07:54:06.960757,UNITED_RENTALS,TRUE,2026-03-20T07:54:06.960757,9999-12-31T00:00:00
BR-01054,United Rentals - Columbus Tool Rental #3,TOOL_RENTAL,685 Michael Falls,Columbus,OH,28575,39.973977,-83.00486,MIDWEST,OH-MID,473-832-2141x88805,Christopher Schwartz,2018-01-31,31,TRUE,UR_BRANCHES,867ba7918f14b38212183818e6775b264b2abdee90bb3f0a25c0d421f2550d55,2026-03-20T07:54:06.960851,UNITED_RENTALS,TRUE,2026-03-20T07:54:06.960852,9999-12-31T00:00:00
BR-01055,United Rentals - Indianapolis #1,BRANCH,706 Rhodes Freeway,Indianapolis,IN,58723,39.767162,-86.157748,MIDWEST,IN-MID,+1-947-638-3473x597,Kathryn Barnes,2009-04-17,15,TRUE,UR_BRANCHES,f9168851080e1d6fd53ffa3c3dccaba8a033d666062814307e0a3c42f9c1fdcf,2026-03-20T07:54:06.960953,UNITED_RENTALS,TRUE,2026-03-20T07:54:06.960954,9999-12-31T00:00:00
BR-01056,United Rentals - Indianapolis Specialty #2,SPECIALTY,240 Sawyer Plaza,Indianapolis,IN,13947,39.753274,-86.184258,MIDWEST,IN-MID,001-581-941-2478x261,Tara Perry,2013-09-29,9,TRUE,UR_BRANCHES,bba95f52610640cb8417a3e5e4204384a11dd7f68e31c05f191ca7b5f86f41a1,2026-03-20T07:54:06.961064,UNITED_RENTALS,TRUE,2026-03-20T07:54:06.961065,9999-12-31T00:00:00
BR-01057,United Rentals - Indianapolis Tool Rental #3,TOOL_RENTAL,61530 Galvan Villages Suite 220,Indianapolis,IN,38102,39.773699,-86.174293,MIDWEST,IN-MID,827.379.0104x3289,Cynthia Martinez,2010-09-29,22,TRUE,UR_BRANCHES,f4d438efe88a400e271257aba966785a5304c8ca0821f12c810551ea10f3fd61,2026-03-20T07:54:06.961172,UNITED_RENTALS,TRUE,2026-03-20T07:54:06.961172,9999-12-31T00:00:00
BR-01058,United Rentals - Minneapolis #1,BRANCH,17980 Jennifer Highway Suite 095,Minneapolis,MN,32032,44.967944,-93.260843,MIDWEST,MN-MID,001-262-818-5188,Amanda Hughes,2013-04-22,11,TRUE,UR_BRANCHES,a65a381afdf9f71e61f4944aa6069b36c4dce28a203ba67bd2a90d5ff495a1f3,2026-03-20T07:54:06.961270,UNITED_RENTALS,TRUE,2026-03-20T07:54:06.961270,9999-12-31T00:00:00
BR-01059,United Rentals - Minneapolis Specialty #2,SPECIALTY,1531 Anderson Knoll,Minneapolis,MN,72068,44.961537,-93.240675,MIDWEST,MN-MID,727-672-2170x43030,Virginia Daniels,2011-01-10,29,TRUE,UR_BRANCHES,fd18755408daa0db14017b72d029dee7dc5b39ad1e34b9f1b81f3df18f784092,2026-03-20T07:54:06.961372,UNITED_RENTALS,TRUE,2026-03-20T07:54:06.961373,9999-12-31T00:00:00
BR-01060,United Rentals - Minneapolis Tool Rental #3,TOOL_RENTAL,5054 Lauren Mews,Minneapolis,MN,52932,44.952051,-93.28072,MIDWEST,MN-MID,001-876-452-7758x4161,Erica Miller,2018-10-09,39,TRUE,UR_BRANCHES,00f9c8f18ccb07cce009b749b857c245a5e0e1e3212696e89048fcec7a83cf5e,2026-03-20T07:54:06.961458,UNITED_RENTALS,TRUE,2026-03-20T07:54:06.961459,9999-12-31T00:00:00
BR-01061,United Rentals - Kansas City #1,BRANCH,9627 West Stream Suite 964,Kansas City,MO,84317,39.093985,-94.585954,MIDWEST,MO-MID,9162582029,David Brewer,2013-02-03,44,TRUE,UR_BRANCHES,b98ded023ee9c2550ff9aaa4702803b2b04c8f4cb3d274c6fb05efda5901f934,2026-03-20T07:54:06.961551,UNITED_RENTALS,TRUE,2026-03-20T07:54:06.961551,9999-12-31T00:00:00
BR-01062,United Rentals - Kansas City Specialty #2,SPECIALTY,275 Wallace Club,Kansas City,MO,75726,39.104273,-94.59402,MIDWEST,MO-MID,(485)965-4310,Susan Wilson,2020-12-08,38,TRUE,UR_BRANCHES,c38163adb364527ea16b69eb6c68c040387cec65332b116d4cd84f6836fc9fcc,2026-03-20T07:54:06.961645,UNITED_RENTALS,TRUE,2026-03-20T07:54:06.961645,9999-12-31T00:00:00
BR-01063,United Rentals - Kansas City Tool Rental #3,TOOL_RENTAL,94731 Melissa Mission Apt. 715,Kansas City,MO,88036,39.11815,-94.597175,MIDWEST,MO-MID,(518)484-4225x831,Johnny Ward,2017-02-01,14,TRUE,UR_BRANCHES,f4b82d8a47e279d56901a2a144fe21b7128860b56d60b85cd86b301432117786,2026-03-20T07:54:06.961730,UNITED_RENTALS,TRUE,2026-03-20T07:54:06.961731,9999-12-31T00:00:00
BR-01064,United Rentals - St. Louis #1,BRANCH,291 Kyle Stravenue Suite 866,St. Louis,MO,75854,38.63018,-90.202314,MIDWEST,MO-MID,425-417-7852,Thomas Brown,2008-07-28,34,TRUE,UR_BRANCHES,0d7f6514173facdde134771c76a3d60cd25626e78bf7320b6f6bc4cf7cd0fd21,2026-03-20T07:54:06.961815,UNITED_RENTALS,TRUE,2026-03-20T07:54:06.961816,9999-12-31T00:00:00
BR-01065,United Rentals - St. Louis Specialty #2,SPECIALTY,2253 Meza Path,St. Louis,MO,37731,38.625021,-90.185655,MIDWEST,MO-MID,343-484-2498,Lauren Jackson,2018-01-29,14,TRUE,UR_BRANCHES,82f274f6f44460594112e23c2a9996f8eb2107a705d948c70ee6e20d737a0470,2026-03-20T07:54:06.961906,UNITED_RENTALS,TRUE,2026-03-20T07:54:06.961906,9999-12-31T00:00:00
BR-01066,United Rentals - St. Louis Tool Rental #3,TOOL_RENTAL,001 Stacy Trail Suite 396,St. Louis,MO,81517,38.600637,-90.185707,MIDWEST,MO-MID,+1-407-984-4736x4710,John Peterson,2008-12-10,14,TRUE,UR_BRANCHES,dde5bd42829279944f35822fed82d70de83e2fea295775136afb8f782e7815d4,2026-03-20T07:54:06.961991,UNITED_RENTALS,TRUE,2026-03-20T07:54:06.961991,9999-12-31T00:00:00
BR-01067,United Rentals - Cincinnati #1,BRANCH,562 Robertson Coves Suite 371,Cincinnati,OH,35559,39.098073,-84.518196,MIDWEST,OH-MID,732.510.4696x325,Kathleen Robertson,2015-09-09,36,TRUE,UR_BRANCHES,0a84788b4f06bea4629b3ec2b2070e0445f338556cf7e732e970c828b2c04ae9,2026-03-20T07:54:06.962083,UNITED_RENTALS,TRUE,2026-03-20T07:54:06.962084,9999-12-31T00:00:00
BR-01068,United Rentals - Cincinnati Specialty #2,SPECIALTY,0168 Levy Forge Suite 004,Cincinnati,OH,65367,39.081511,-84.530991,MIDWEST,OH-MID,+1-274-880-1624x565,Justin Cox,2011-09-12,37,TRUE,UR_BRANCHES,91fbaac83fd22d5083540d2b2c7d0c5e1962c742aadb01724b93241b9bfc630d,2026-03-20T07:54:06.962174,UNITED_RENTALS,TRUE,2026-03-20T07:54:06.962175,9999-12-31T00:00:00
BR-01069,United Rentals - Dallas #1,BRANCH,784 David Court Suite 558,Dallas,TX,48421,32.771696,-96.788535,SOUTHWEST,TX-SOU,001-923-498-6800x02578,Kaylee Murphy,2017-11-11,36,TRUE,UR_BRANCHES,7a1370b6ab7be9eca09b676266b81e42346e583eb135f4ffa023c86a0bb5ea78,2026-03-20T07:54:06.962259,UNITED_RENTALS,TRUE,2026-03-20T07:54:06.962259,9999-12-31T00:00:00
BR-01070,United Rentals - Dallas Specialty #2,SPECIALTY,9495 Erickson Hills,Dallas,TX,62746,32.795181,-96.775642,SOUTHWEST,TX-SOU,9556169409,Rachel Parsons,2017-03-10,14,TRUE,UR_BRANCHES,47e4a0d18b4ddf4d850ff26e76264a9faaaa0a22f05f4a0fbf9a636541273859,2026-03-20T07:54:06.962350,UNITED_RENTALS,TRUE,2026-03-20T07:54:06.962351,9999-12-31T00:00:00
BR-01071,United Rentals - Houston #1,BRANCH,728 Hernandez Springs,Houston,TX,32246,29.751412,-95.359814,SOUTHWEST,TX-SOU,8915307562,Reginald Knapp,2022-10-18,8,TRUE,UR_BRANCHES,87a7b7110971a34e7a9da8ee8b33d006b4567ce138509ec38380b34a59665f0d,2026-03-20T07:54:06.962439,UNITED_RENTALS,TRUE,2026-03-20T07:54:06.962439,9999-12-31T00:00:00
BR-01072,United Rentals - Houston Specialty #2,SPECIALTY,283 Bolton Neck,Houston,TX,69376,29.78854,-95.344218,SOUTHWEST,TX-SOU,(652)678-5854x9733,William Evans,2011-09-15,23,TRUE,UR_BRANCHES,5d038309ee7b5e6a9bdf8954da5dceb60dfc231d8793fef2c176009998be0166,2026-03-20T07:54:06.962528,UNITED_RENTALS,TRUE,2026-03-20T07:54:06.962529,9999-12-31T00:00:00
BR-01073,United Rentals - San Antonio #1,BRANCH,757 Castro Underpass,San Antonio,TX,95090,29.417426,-98.493887,SOUTHWEST,TX-SOU,341-798-6652x404,Mary Burgess,2010-04-12,21,TRUE,UR_BRANCHES,10e51a0fd8d9c7687b4757ae67e3a29c76c1e201ce6d59f63d9b7a71f3b51527,2026-03-20T07:54:06.962618,UNITED_RENTALS,TRUE,2026-03-20T07:54:06.962619,9999-12-31T00:00:00
BR-01074,United Rentals - San Antonio Specialty #2,SPECIALTY,421 John Skyway Apt. 301,San Antonio,TX,54673,29.445979,-98.469453,SOUTHWEST,TX-SOU,271-320-8267x73454,Crystal Rodgers,2022-05-15,18,TRUE,UR_BRANCHES,e9931d011dc116c5bad5b0cbf153602954b483f36eeb53c12201faed2b1c5e8c,2026-03-20T07:54:06.962703,UNITED_RENTALS,TRUE,2026-03-20T07:54:06.962704,9999-12-31T00:00:00
BR-01075,United Rentals - Austin #1,BRANCH,62067 Sharon Well,Austin,TX,38442,30.264779,-97.733394,SOUTHWEST,TX-SOU,9044991547,Julie Lee,2008-05-09,24,TRUE,UR_BRANCHES,82d9712e498af71c4f2d764d55ad7e383555b896416fc369d2295e00e2e29289,2026-03-20T07:54:06.962785,UNITED_RENTALS,TRUE,2026-03-20T07:54:06.962786,9999-12-31T00:00:00
BR-01076,United Rentals - Austin Specialty #2,SPECIALTY,742 Jill Turnpike,Austin,TX,39170,30.292791,-97.725992,SOUTHWEST,TX-SOU,001-832-396-6851,Charles Morris,2010-12-05,26,TRUE,UR_BRANCHES,ce13f045e87a13d34cbaa2708c705031e132394ee9f7a92fcee159f28ecb8f94,2026-03-20T07:54:06.962865,UNITED_RENTALS,TRUE,2026-03-20T07:54:06.962866,9999-12-31T00:00:00
BR-01077,United Rentals - Phoenix #1,BRANCH,3745 Aguilar Ports Apt. 453,Phoenix,AZ,08643,33.44686,-112.064854,SOUTHWEST,AZ-SOU,+1-417-942-6841x45933,Paul Obrien,2014-02-11,43,TRUE,UR_BRANCHES,1ff3b279459ebb09b3e54e4e1341a1c12f6d1bc50ff1375a41426a40f5324a08,2026-03-20T07:54:06.962959,UNITED_RENTALS,TRUE,2026-03-20T07:54:06.962959,9999-12-31T00:00:00
BR-01078,United Rentals - Phoenix Specialty #2,SPECIALTY,339 Alicia Pines Suite 191,Phoenix,AZ,08595,33.458112,-112.0748,SOUTHWEST,AZ-SOU,+1-983-398-2258,Michelle Burns,2023-04-17,20,TRUE,UR_BRANCHES,1eb7bec5c9b58e6d88deb74307fc3c890d4d6a765a5ba8e82d8fa8bd416332b3,2026-03-20T07:54:06.963047,UNITED_RENTALS,TRUE,2026-03-20T07:54:06.963048,9999-12-31T00:00:00
BR-01079,United Rentals - Tulsa #1,BRANCH,72867 Angelica Spring Suite 064,Tulsa,OK,00896,36.149934,-95.983426,SOUTHWEST,OK-SOU,001-639-810-6518x0170,Chad May,2020-01-26,45,TRUE,UR_BRANCHES,669f348107f5ebaedfd68c039c71eff0d00a6d503000b67f341b85ab544dab07,2026-03-20T07:54:06.963132,UNITED_RENTALS,TRUE,2026-03-20T07:54:06.963133,9999-12-31T00:00:00
BR-01080,United Rentals - Tulsa Specialty #2,SPECIALTY,6766 Felicia Shore Apt. 512,Tulsa,OK,70920,36.168144,-96.019143,SOUTHWEST,OK-SOU,(582)930-0478x6863,Donald Pineda,2019-12-27,28,TRUE,UR_BRANCHES,0ed6af15e608b1960afdbaf5b83b04f0f5829a05ddb5775e4ccd11df8517ef10,2026-03-20T07:54:06.963220,UNITED_RENTALS,TRUE,2026-03-20T07:54:06.963221,9999-12-31T00:00:00
BR-01081,United Rentals - El Paso #1,BRANCH,69033 Craig Bypass,El Paso,TX,59016,31.753043,-106.483316,SOUTHWEST,TX-SOU,+1-603-506-7383x028,Monique Flores,2017-07-28,40,TRUE,UR_BRANCHES,2ca3a890fed443a28391688374584c6669d6694099cb4601a01d04e5f1ac1fe0,2026-03-20T07:54:06.963308,UNITED_RENTALS,TRUE,2026-03-20T07:54:06.963308,9999-12-31T00:00:00
BR-01082,United Rentals - El Paso Specialty #2,SPECIALTY,42836 Hill Point Apt. 687,El Paso,TX,06646,31.787063,-106.483132,SOUTHWEST,TX-SOU,(568)556-6246x287,Michael Shaffer,2023-08-05,11,TRUE,UR_BRANCHES,233b5d90e1f6bd8b0e5042115dc0a24422a469637abc29b14fd4beacd1c13bba,2026-03-20T07:54:06.963403,UNITED_RENTALS,TRUE,2026-03-20T07:54:06.963404,9999-12-31T00:00:00
BR-01083,United Rentals - Los Angeles #1,BRANCH,8826 Jonathan Isle Apt. 751,Los Angeles,CA,70707,34.061416,-118.252098,WEST,CA-WES,001-930-546-9901x3983,Felicia Krueger,2006-07-04,19,TRUE,UR_BRANCHES,f4e9a8a89e3456cbdf944fe3470385b75dc5b07aa86ee28b12dd92bfb76e075e,2026-03-20T07:54:06.963490,UNITED_RENTALS,TRUE,2026-03-20T07:54:06.963490,9999-12-31T00:00:00
BR-01084,United Rentals - Los Angeles Specialty #2,SPECIALTY,173 Randy Garden,Los Angeles,CA,72863,34.026311,-118.269622,WEST,CA-WES,746-578-5445x87717,Jason Hart,2010-06-02,23,TRUE,UR_BRANCHES,2de20fa8dac1d84062adf8cc61adc832c4210e3bd0cdbc330e3ea7d3df26b652,2026-03-20T07:54:06.963572,UNITED_RENTALS,TRUE,2026-03-20T07:54:06.963572,9999-12-31T00:00:00
BR-01085,United Rentals - San Francisco #1,BRANCH,48996 Hernandez Isle,San Francisco,CA,30650,37.772976,-122.410568,WEST,CA-WES,(493)978-5477x7252,Steve Mooney,2024-05-26,44,TRUE,UR_BRANCHES,0cada714e8578e077619253185961110fce8b8915e02ac32d18055c372dadc54,2026-03-20T07:54:06.963661,UNITED_RENTALS,TRUE,2026-03-20T07:54:06.963662,9999-12-31T00:00:00
BR-01086,United Rentals - San Francisco Specialty #2,SPECIALTY,00623 Jasmine Branch,San Francisco,CA,29169,37.759673,-122.413729,WEST,CA-WES,275.609.9770x08860,Donna Shaw,2019-06-22,13,TRUE,UR_BRANCHES,ea25730441f75112921e42cb823f705ba3ab8dcdf5d21eb7f2e19121987f30fe,2026-03-20T07:54:06.963761,UNITED_RENTALS,TRUE,2026-03-20T07:54:06.963762,9999-12-31T00:00:00
BR-01087,United Rentals - Denver #1,BRANCH,11823 Christine Glen Suite 461,Denver,CO,49397,39.737584,-104.988627,WEST,CO-WES,(979)233-4101x6668,Michele Miller,2022-04-10,41,TRUE,UR_BRANCHES,4c56bd1a9bcb076506298fca0d36800606f27840524d5124deac5df75592de13,2026-03-20T07:54:06.963859,UNITED_RENTALS,TRUE,2026-03-20T07:54:06.963859,9999-12-31T00:00:00
BR-01088,United Rentals - Denver Specialty #2,SPECIALTY,180 Jason Ways Suite 401,Denver,CO,90210,39.728182,-105.004654,WEST,CO-WES,689-402-5039x261,Lacey Atkinson,2019-01-28,28,TRUE,UR_BRANCHES,4e23b46be1fb108a05ecb98a9485d27593bb033f20cf1092bb9a9ae8a7ceb6b1,2026-03-20T07:54:06.963955,UNITED_RENTALS,TRUE,2026-03-20T07:54:06.963955,9999-12-31T00:00:00
BR-01089,United Rentals - Seattle #1,BRANCH,2185 Connor Fort Apt. 599,Seattle,WA,78568,47.600974,-122.334184,WEST,WA-WES,(850)347-7358x6629,Elizabeth Wright,2007-08-12,27,TRUE,UR_BRANCHES,2e9e627c3ca494a323718d46a1c6d5dedc1f53e87063af55d9094fcc96a4645a,2026-03-20T07:54:06.964041,UNITED_RENTALS,TRUE,2026-03-20T07:54:06.964041,9999-12-31T00:00:00
BR-01090,United Rentals - Seattle Specialty #2,SPECIALTY,62655 Christopher Inlet Suite 541,Seattle,WA,17868,47.603633,-122.306359,WEST,WA-WES,226-378-8861,Brandon George,2012-05-18,12,TRUE,UR_BRANCHES,f8392ccc7e4d8fd73db19a2ae2299567538f5017cc1186494147f79cc354edc3,2026-03-20T07:54:06.964126,UNITED_RENTALS,TRUE,2026-03-20T07:54:06.964126,9999-12-31T00:00:00
BR-01091,United Rentals - Portland #1,BRANCH,46618 Ashley Extension Suite 224,Portland,OR,39970,45.505686,-122.676477,WEST,OR-WES,672-512-6464x715,Kathleen Jensen,2014-11-30,44,TRUE,UR_BRANCHES,474ddb6b8924a21f41d8e7b6bcd097b50599cc60e85eaa786b74b241e4ad98df,2026-03-20T07:54:06.964212,UNITED_RENTALS,TRUE,2026-03-20T07:54:06.964212,9999-12-31T00:00:00
BR-01092,United Rentals - Portland Specialty #2,SPECIALTY,0659 Brock Isle,Portland,OR,58201,45.545266,-122.704504,WEST,OR-WES,969-524-5937x52654,Douglas Hartman,2013-02-23,21,TRUE,UR_BRANCHES,a8433ab88a34b7155846f87bb42f5fedc2cdfc49c794ca7e2ea23e90311e9115,2026-03-20T07:54:06.964302,UNITED_RENTALS,TRUE,2026-03-20T07:54:06.964302,9999-12-31T00:00:00
BR-01093,United Rentals - Las Vegas #1,BRANCH,828 Stephanie Mountain,Las Vegas,NV,93348,36.170018,-115.147151,WEST,NV-WES,674.416.7243,Rachel Jones,2025-01-13,30,TRUE,UR_BRANCHES,d22be7f3d81e053c11c3c3b1e93cbafcf97ccd91c6f4e893c62c9245655e605f,2026-03-20T07:54:06.964384,UNITED_RENTALS,TRUE,2026-03-20T07:54:06.964385,9999-12-31T00:00:00
BR-01094,United Rentals - Las Vegas Specialty #2,SPECIALTY,688 Stephens Turnpike Suite 891,Las Vegas,NV,14836,36.192752,-115.117044,WEST,NV-WES,001-535-529-0965x61014,James Barton,2017-05-25,31,TRUE,UR_BRANCHES,bcdfbc916e68a01d7eb629c57da6354b5bdefa92a8b823484a532e39189f4eaa,2026-03-20T07:54:06.964477,UNITED_RENTALS,TRUE,2026-03-20T07:54:06.964478,9999-12-31T00:00:00
BR-01095,United Rentals - Salt Lake City #1,BRANCH,0714 Knapp Corner,Salt Lake City,UT,15714,40.7565,-111.892236,WEST,UT-WES,001-925-745-7387x5717,Andrew Page,2006-08-23,42,TRUE,UR_BRANCHES,e380b7e37c891e61457d7eec9b7897c46aca6d8f1b6f03278a0c46015dfc2f26,2026-03-20T07:54:06.964567,UNITED_RENTALS,TRUE,2026-03-20T07:54:06.964568,9999-12-31T00:00:00
BR-01096,United Rentals - Salt Lake City Specialty #2,SPECIALTY,123 Andrea Isle Suite 736,Salt Lake City,UT,83044,40.773012,-111.884299,WEST,UT-WES,(826)860-9379,Daniel Ramirez,2019-08-02,41,TRUE,UR_BRANCHES,3073e4529d2444872099edae0cfea0955d7a41650aa1523f47265db4d44e15b1,2026-03-20T07:54:06.964649,UNITED_RENTALS,TRUE,2026-03-20T07:54:06.964650,9999-12-31T00:00:00
BR-01097,United Rentals - Sacramento #1,BRANCH,182 Nguyen Mount,Sacramento,CA,15437,38.571756,-121.488058,WEST,CA-WES,978-459-6969x155,Michele Evans,2017-11-20,27,TRUE,UR_BRANCHES,dc0054df6eef961839a276399cafef1d0a4fa14bc354166bc5932acb90b01558,2026-03-20T07:54:06.964739,UNITED_RENTALS,TRUE,2026-03-20T07:54:06.964740,9999-12-31T00:00:00
BR-01098,United Rentals - Sacramento Specialty #2,SPECIALTY,251 Kevin Falls,Sacramento,CA,49430,38.607505,-121.518185,WEST,CA-WES,001-428-466-9296x627,Charles Edwards MD,2007-03-27,16,TRUE,UR_BRANCHES,b8060738380fda982a606bfe2a12970ba0b88b2735bdbcb23ac400d4c2ad6965,2026-03-20T07:54:06.964823,UNITED_RENTALS,TRUE,2026-03-20T07:54:06.964824,9999-12-31T00:00:00
BR-01099,United Rentals - San Diego #1,BRANCH,72368 Ortiz Overpass Suite 772,San Diego,CA,11336,32.710989,-117.153306,WEST,CA-WES,001-403-940-4384,Patricia Simpson,2015-12-02,43,TRUE,UR_BRANCHES,5dd71d6629be42e59a9a70347695948081214f9708f99a0b852b9cc22a8ffa51,2026-03-20T07:54:06.964916,UNITED_RENTALS,TRUE,2026-03-20T07:54:06.964917,9999-12-31T00:00:00
BR-01100,United Rentals - San Diego Specialty #2,SPECIALTY,8580 Payne Manors,San Diego,CA,13924,32.695027,-117.174195,WEST,CA-WES,001-734-807-4517x1339,Charles Clark,2010-02-22,21,TRUE,UR_BRANCHES,1262b4aeec7c63c96a46bd708cb1219a51491426b7d0b2947ab28592f0a02dba,2026-03-20T07:54:06.965006,UNITED_RENTALS,TRUE,2026-03-20T07:54:06.965007,9999-12-31T00:00:00
