"PROVIDER_NPI","GROUP_NPI","TIN","PROVIDER_LAST_NAME","PROVIDER_FIRST_NAME","PROVIDER_CREDENTIAL","SPECIALTY_CODE","SPECIALTY_DESC","TAXONOMY_CODE","PRIMARY_CARE_FLAG","NETWORK_STATUS","NETWORK_EFFECTIVE_DATE","NETWORK_TERM_DATE","ACCEPTING_NEW_PATIENTS","TELEHEALTH_ENABLED","QUALITY_TIER","PRACTICE_ADDRESS_LINE1","PRACTICE_CITY","PRACTICE_STATE","PRACTICE_ZIP","PRACTICE_COUNTY_CODE","PRACTICE_LATITUDE","PRACTICE_LONGITUDE","PRACTICE_PHONE","CREDENTIAL_STATUS","CREDENTIAL_EXPIRY_DATE","BOARD_CERTIFIED","MALPRACTICE_FLAG","CLAIM_VOLUME_30D","RISK_FLAG_VOLUME_30D","AVG_RISK_SCORE_PANEL","_SOURCE_SYSTEM","_LOADED_AT","_RECORD_HASH"
"1183708400","2850490102","436416716","Fowler","Angel","MD","01","Internal Medicine / General Practice","731771542X","FALSE","IN_NETWORK","2023-03-01","","TRUE","FALSE","TIER_2","32181 Johnson Course Apt. 389","San Jose","CA","94121","06085","37.5934338","-121.6617131","083-863-7940","ACTIVE","2026-11-16","TRUE","FALSE","190","28","2.7355","CAQH_PROVIEW","2026-09-15 10:31:41","c37f9a6181ddb9efa4db0477edf9f00e8c4ce07ddc26f0cea34cc50ade263fc1"
"1694559557","2974296933","633367998","Blake","Erik","MD","24","Family Practice","415428507X","TRUE","PREFERRED","2026-01-23","","TRUE","TRUE","TIER_2","4235 Christopher Court Suite 594","Oakland","CA","94609","06085","36.8721668","-122.3502801","078-161-8495","ACTIVE","2028-01-21","FALSE","TRUE","21","29","1.1993","CAQH_PROVIEW","2026-09-15 10:31:41","be046f6c3b01c0317490fd59b2d9224061f4dfe4c58712ac4e2ba4b89091c8b1"
"1524614310","2171387054","809468370","Ray","Janet","DO","66","Rheumatology","905776749X","FALSE","IN_NETWORK","2024-03-19","","TRUE","FALSE","TIER_2","341 Michelle Light","Sacramento","CA","95128","06085","37.0463329","-121.7483921","475-255-3419","ACTIVE","2028-04-29","FALSE","FALSE","167","21","1.3188","CAQH_PROVIEW","2026-09-15 10:31:41","5f3d8a1ad9dee9b6d53ee52293013137664355c6089f561a2ad05357071389c4"
"1913825022","","787952129","Reid","Amanda","MD","11","Medical Oncology","292093081X","FALSE","IN_NETWORK","2022-01-18","","FALSE","TRUE","TIER_2","76483 Cameron Trail","San Jose","CA","95014","06085","37.407856","-122.4736742","030-564-1395","ACTIVE","2027-01-17","TRUE","FALSE","217","17","2.2928","CAQH_PROVIEW","2026-09-15 10:31:41","917d52562b450cd655638a5038ff44d78652b5e101d21a29d378f0e2755bcb7b"
"1833737187","","270979361","Lewis","Victor","MD","38","Psychiatry","487832545X","FALSE","PREFERRED","2024-08-31","","TRUE","FALSE","TIER_2","42388 Burgess Meadow Suite 532","San Francisco","CA","94102","06085","37.1006901","-121.7449717","871-012-2691","ACTIVE","2028-05-23","TRUE","FALSE","100","30","1.1725","CAQH_PROVIEW","2026-09-15 10:31:41","724b78a7c13498657fc3ba25cbbdadc5276ccf3a1b2aff9e7a2c02f02757b907"
"1990624412","2838953065","208672862","Cruz","Caitlin","MD","24","Family Practice","726166382X","TRUE","IN_NETWORK","2024-05-29","","TRUE","TRUE","TIER_1","480 Erin Plain Suite 514","Fresno","CA","95148","06085","37.3896454","-122.1831848","627-048-2814","ACTIVE","2028-03-27","TRUE","FALSE","113","6","1.6818","CAQH_PROVIEW","2026-09-15 10:31:41","a7112be76dd4479c789013f4f29de569ea61ea70e933f86d5d2e69fdb670eada"
"1155584954","2169710448","468618676","Skinner","William","MD","90","Nephrology","616879006X","FALSE","PREFERRED","2023-03-20","","TRUE","FALSE","TIER_2","52880 Burns Creek","San Francisco","CA","94115","06085","37.1120198","-121.9177029","543-039-1171","ACTIVE","2027-06-21","TRUE","FALSE","129","35","0.6785","CAQH_PROVIEW","2026-09-15 10:31:41","eb6a1682a1f6069f076408cf568380a0820ca1f2333eb9da9f76a4b407992ca3"
"1589741809","2799755207","202469173","Spence","Amanda","MD","08","Geriatrics","559361512X","FALSE","IN_NETWORK","2022-12-21","","TRUE","TRUE","TIER_2","78248 Brandt Plains","San Francisco","CA","93727","06085","37.2541415","-122.447121","346-578-7133","ACTIVE","2027-09-18","FALSE","FALSE","100","16","0.9122","CAQH_PROVIEW","2026-09-15 10:31:41","7bc63fb8d590c44dfce45637ba432fe6661b421879e6bc9cacace6a05e6f2861"
"1897839544","2825076507","550513277","Brown","Andrew","PA","24","Family Practice","248289550X","TRUE","IN_NETWORK","2025-04-09","","TRUE","TRUE","TIER_1","301 Jeremy Bypass","Oakland","CA","93701","06085","37.4913825","-122.1648628","518-347-3829","SUSPENDED","2027-09-23","TRUE","FALSE","206","9","0.5628","CAQH_PROVIEW","2026-09-15 10:31:41","2bd4f860062365c81a4ca58ff02ab2ab04f920b4d3a734fc1de671753feb8b10"
"1539007575","","420983217","Johnston","John","NP","86","Pulmonary Disease","657601416X","FALSE","IN_NETWORK","2025-06-04","","TRUE","FALSE","TIER_2","3116 Henderson Mountain Apt. 106","Oakland","CA","94118","06085","37.7831039","-122.0982047","513-338-7262","ACTIVE","2026-11-03","TRUE","FALSE","14","2","2.7798","CAQH_PROVIEW","2026-09-15 10:31:41","e1427157a857f48855a6adadbb3309fc66b6036c7399b79b70dabe2b9b2cd7ce"
"1349223189","","322268903","Ramirez","John","NP","97","General Practice","374905803X","TRUE","IN_NETWORK","2023-03-21","","TRUE","TRUE","TIER_2","8108 Tanya Terrace","San Francisco","CA","93711","06085","37.5391602","-121.7424917","326-773-6026","ACTIVE","2027-01-20","TRUE","FALSE","54","14","1.976","CAQH_PROVIEW","2026-09-15 10:31:41","bc087e326d85b1cec0f86e8c6473a7be5b623b04fbaca67464ec984f31e1abc8"
"1490430996","2457831517","335549617","Smith","Peter","MD","11","Medical Oncology","299362146X","FALSE","IN_NETWORK","2023-05-29","","TRUE","FALSE","TIER_3","6872 Kenneth Centers Apt. 500","Oakland","CA","94132","06085","37.1355351","-121.6400816","978-820-8121","ACTIVE","2028-06-18","TRUE","FALSE","161","28","1.4849","CAQH_PROVIEW","2026-09-15 10:31:41","affcd29ac5867fa5dcc02d4f0ace0a0fc3850e0459368142a7ad6516f8ee08cc"
"1105343504","2608474130","871198563","Larson","Emma","PA","11","Medical Oncology","981482739X","FALSE","IN_NETWORK","2024-11-08","","TRUE","TRUE","TIER_2","1939 Christine Manor","Oakland","CA","95126","06085","37.0475172","-121.7496458","998-543-5346","ACTIVE","2028-06-03","TRUE","FALSE","50","39","1.5854","CAQH_PROVIEW","2026-09-15 10:31:41","668ea790e26626f854fd3d140bc4055ae8de9a49712d6b3f350e3ed6ce9463a2"
"1349165379","2623905790","618852428","Anderson","Debbie","DDS","66","Rheumatology","496996648X","FALSE","IN_NETWORK","2021-10-19","","TRUE","FALSE","TIER_2","1079 Charles Forest Suite 251","San Francisco","CA","95126","06085","37.6140741","-121.9372794","354-278-4980","ACTIVE","2027-12-02","TRUE","FALSE","163","26","1.4579","CAQH_PROVIEW","2026-09-15 10:31:41","aee5352aa51bc96a6f88d3afa1d58c21e0e6219ff6f095ce924642a0efb0879c"
"1212985973","","490763828","Contreras","Angela","PA","38","Psychiatry","522846709X","FALSE","IN_NETWORK","2023-10-12","","TRUE","FALSE","TIER_3","41182 Campbell Fords","Oakland","CA","94122","06085","37.0885436","-122.0584686","534-874-0164","ACTIVE","2027-10-29","TRUE","FALSE","58","35","1.8353","CAQH_PROVIEW","2026-09-15 10:31:41","75fc04f4e289c090894ce9bc5597e12fd6d3141bbe7175ab350d2077d2b0b3e5"
"1840237366","","616888067","Williams","Matthew","MD","78","Cardiovascular Disease","736074159X","FALSE","IN_NETWORK","2025-05-15","","TRUE","TRUE","TIER_2","427 Hoffman Creek","San Francisco","CA","94121","06085","37.0896361","-121.6225703","128-059-8262","ACTIVE","2027-06-27","FALSE","FALSE","45","29","2.4858","CAQH_PROVIEW","2026-09-15 10:31:41","044575bc31cbde6803ea336def4acbad1cdfb04f4097dbd6e5ccfe70e2473ac6"
"1849302294","","464517377","Williams","Michael","DO","78","Cardiovascular Disease","128061387X","FALSE","OUT_OF_NETWORK","2023-11-25","","FALSE","TRUE","TIER_2","3315 Dickson Summit","Sacramento","CA","95014","06085","37.2108243","-122.1714764","232-260-2563","ACTIVE","2028-08-20","TRUE","FALSE","42","18","1.8007","CAQH_PROVIEW","2026-09-15 10:31:41","eaac6135069018e2f6932c80c3423e5e09278bc5a00bd71e053040d2ddb28022"
"1733762907","2208991359","622679992","Adams","Kristin","PA","24","Family Practice","653265930X","TRUE","IN_NETWORK","2022-07-15","","TRUE","TRUE","TIER_2","0733 Bailey View","San Francisco","CA","95126","06085","37.6604441","-121.8261892","330-365-4145","ACTIVE","2027-01-21","FALSE","FALSE","67","1","1.6433","CAQH_PROVIEW","2026-09-15 10:31:41","8dc3dbe9466bf843b403620e2d612f0ea5800cb8fdfc724edffe2cd93a1f75f7"
"1323573721","2694735329","964051605","May","Ricardo","MD","86","Pulmonary Disease","250257242X","FALSE","IN_NETWORK","2024-01-18","","TRUE","TRUE","TIER_1","14294 Daniel Mews Suite 569","San Francisco","CA","94132","06085","37.3363055","-122.0763877","816-934-0608","ACTIVE","2027-01-20","TRUE","FALSE","38","7","2.7518","CAQH_PROVIEW","2026-09-15 10:31:41","d9c3302749c583a30b0fc90b2208a2e4b9d70e5ee19601b82f73d17d6e14cc08"
"1527598238","2517256515","954337212","Frost","Amanda","MD","24","Family Practice","906007114X","TRUE","IN_NETWORK","2023-12-10","","TRUE","FALSE","TIER_1","6159 Alvarado Crossing","Sacramento","CA","94121","06085","37.5486653","-121.508505","484-656-4823","ACTIVE","2027-07-26","TRUE","FALSE","32","29","0.819","CAQH_PROVIEW","2026-09-15 10:31:41","206fb41f6975c09bf89b16293ba99b71cb7ba6f4dbd43548e788030f2a3659df"
"1728224152","2854320679","611530564","Fisher","Shelby","NP","97","General Practice","708980151X","TRUE","IN_NETWORK","2023-08-20","","TRUE","TRUE","TIER_2","946 Kevin Fords","San Francisco","CA","94115","06085","37.7934759","-122.3901627","699-577-7387","ACTIVE","2028-08-25","TRUE","FALSE","110","35","1.0157","CAQH_PROVIEW","2026-09-15 10:31:41","a8e84fc206702bf45d4292287c9059fa5e4604ddfb5085975cb7384b1993ab0f"
"1452870829","2745997398","492174443","Leon","Susan","NP","24","Family Practice","136386265X","TRUE","IN_NETWORK","2021-12-11","","FALSE","TRUE","TIER_1","148 Davis Terrace","San Jose","CA","94102","06085","36.9135886","-121.7239293","343-320-0379","ACTIVE","2028-05-21","FALSE","FALSE","74","17","0.9955","CAQH_PROVIEW","2026-09-15 10:31:41","1496af2c33a1d63a3508f38318e8bb7124d99907d1e568b17b175d9d301028f3"
"1814987021","","484866066","Atkinson","Charles","MD","78","Cardiovascular Disease","166653961X","FALSE","PREFERRED","2025-10-25","","FALSE","TRUE","TIER_2","936 Ross Drive Apt. 163","San Jose","CA","95014","06085","36.8455905","-121.9366482","287-083-1727","ACTIVE","2027-01-25","TRUE","FALSE","14","4","2.7861","CAQH_PROVIEW","2026-09-15 10:31:41","c148e87429589a69c2108786b63c3c8ccb4b3360fa34555836498f143c35c8e8"
"1684549220","2273462556","241502816","Contreras","Vanessa","MD","08","Geriatrics","703250965X","FALSE","IN_NETWORK","2023-11-16","","FALSE","FALSE","TIER_1","9868 Merritt Summit Suite 743","Fresno","CA","94115","06085","37.5716591","-122.4524394","487-347-1434","ACTIVE","2028-08-18","TRUE","FALSE","239","34","2.7983","CAQH_PROVIEW","2026-09-15 10:31:41","0ad16ac89106bdc694b6830f745b2b943622ebbe0167bc1f107d0aebd6b583d2"
"1903147848","2380389567","367435365","Rogers","Patricia","DDS","08","Geriatrics","324980984X","FALSE","PREFERRED","2024-06-04","","TRUE","TRUE","TIER_2","23623 Robert Isle","Fresno","CA","94577","06085","37.6953187","-121.565465","876-036-6909","PENDING","2027-07-06","TRUE","FALSE","149","6","1.617","CAQH_PROVIEW","2026-09-15 10:31:41","45a8c90f78ebd6319ff3a5264a526a0f96581ab5bfb9b8ddd8b935eb3bf61bf7"
"1735309728","","304970141","James","Adam","DO","08","Geriatrics","432255521X","FALSE","IN_NETWORK","2026-02-14","","FALSE","TRUE","TIER_2","6688 Tracy Groves Suite 706","Fresno","CA","94501","06085","36.9160061","-121.6230949","562-729-8069","ACTIVE","2027-01-11","TRUE","FALSE","176","0","0.8716","CAQH_PROVIEW","2026-09-15 10:31:41","9e6dfb8b20c8d73f9e267ee0c5e91175bfe80d4d9e8689591001650db46b1eb4"
"1659155913","","280619668","Elliott","Anthony","NP","90","Nephrology","752375453X","FALSE","PREFERRED","2025-01-07","","FALSE","TRUE","TIER_1","72046 Lewis Islands Suite 646","Sacramento","CA","95014","06085","37.1171138","-121.5913611","417-080-5310","ACTIVE","2028-07-23","TRUE","FALSE","99","31","1.3753","CAQH_PROVIEW","2026-09-15 10:31:41","d9f263f8a10ba3e25f54ae6831d2deaa448499d9b2f27aca05b3210cfff269ed"
"1560316655","","331119155","Webster","Stefanie","NP","24","Family Practice","407377982X","TRUE","IN_NETWORK","2025-04-07","","TRUE","TRUE","TIER_1","92327 Anne Forge","Oakland","CA","95014","06085","37.4146662","-122.3888012","745-299-1241","ACTIVE","2028-03-09","TRUE","FALSE","77","3","0.6751","CAQH_PROVIEW","2026-09-15 10:31:41","0b3846e83c0114df29caf13cdcfe0501bcaf1a7d7e7fef08b593c08821950bba"
"1354979960","2469790227","561996126","Lane","Sarah","MD","08","Geriatrics","447006489X","FALSE","OUT_OF_NETWORK","2025-03-25","","FALSE","TRUE","TIER_1","3193 Heidi Hollow Apt. 905","Oakland","CA","94122","06085","37.1885361","-122.09348","865-185-0671","ACTIVE","2028-08-22","TRUE","FALSE","233","4","0.5046","CAQH_PROVIEW","2026-09-15 10:31:41","ed128b234b303c8beda6bfed848f842c6d11761737a79d604c3037c21ef37105"
"1779674908","","585353099","Hamilton","Michael","MD","66","Rheumatology","749086625X","FALSE","IN_NETWORK","2024-08-18","","TRUE","FALSE","TIER_2","262 Gilbert Plain Suite 769","Sacramento","CA","93720","06085","37.4135817","-121.9794036","453-147-3799","ACTIVE","2028-06-17","TRUE","FALSE","61","3","0.5704","CAQH_PROVIEW","2026-09-15 10:31:41","797936277edda0189e2b6b568a7e21610b7d47cfa715cb043b3aafdbbfce3d00"
"1213781087","","397816975","Barnett","Matthew","MD","97","General Practice","877830352X","TRUE","OUT_OF_NETWORK","2025-09-24","","TRUE","TRUE","TIER_2","2735 Peterson Ranch Suite 808","San Jose","CA","95126","06085","37.1640617","-121.9951342","313-678-3777","SUSPENDED","2027-05-16","TRUE","FALSE","199","23","1.4317","CAQH_PROVIEW","2026-09-15 10:31:41","5a69580d55e8da78f705a02aed58a2cf0eb237967a0a4b962790d4ccb2832f00"
"1127799533","","605952856","Mcguire","Christopher","MD","38","Psychiatry","552023094X","FALSE","IN_NETWORK","2025-03-16","","TRUE","FALSE","TIER_1","3495 Tran Key","Sacramento","CA","94132","06085","36.9112316","-122.2775177","685-574-4431","ACTIVE","2028-08-14","TRUE","FALSE","118","6","2.517","CAQH_PROVIEW","2026-09-15 10:31:41","dd109532ffa295a4230f02c115e4193e332931a6691b4a080e61897df5208e90"
"1103683345","2280926067","406345233","Griffith","Leslie","MD","78","Cardiovascular Disease","219529669X","FALSE","IN_NETWORK","2025-07-13","","TRUE","FALSE","TIER_2","37498 Hooper Village","San Jose","CA","94501","06085","36.9355756","-122.3592814","343-524-0824","ACTIVE","2027-01-25","FALSE","FALSE","40","14","0.8285","CAQH_PROVIEW","2026-09-15 10:31:41","8c5ce63d77ab6a3c10eea1960a1f45022268f5408b9cca13a2cdeb515014a4ce"
"1259003151","2419073389","234305816","Williams","Brian","MD","11","Medical Oncology","199073557X","FALSE","IN_NETWORK","2025-12-30","","TRUE","TRUE","TIER_1","271 Audrey Mountains Suite 752","Fresno","CA","94577","06085","36.9926048","-121.5000763","047-116-7190","ACTIVE","2027-03-23","TRUE","FALSE","159","7","1.0248","CAQH_PROVIEW","2026-09-15 10:31:41","23b94ffcc161155399648736beca169ee1bb05469a5305286648e134b1299ab9"
"1939403372","2256357107","376879621","Hernandez","Lisa","NP","08","Geriatrics","669740950X","FALSE","PREFERRED","2022-11-23","","TRUE","FALSE","TIER_3","31869 Kimberly Light Suite 749","Fresno","CA","94123","06085","37.1186844","-121.7202313","649-909-1334","ACTIVE","2027-09-01","TRUE","TRUE","79","7","1.971","CAQH_PROVIEW","2026-09-15 10:31:41","ac4fbbc907de4b3cd128285ffbdda066a149e0bda0f75d67dc7afebab69688ff"
"1813936096","2422232001","309872416","Guerrero","Eric","DO","66","Rheumatology","864820968X","FALSE","OUT_OF_NETWORK","2024-05-14","","TRUE","TRUE","TIER_2","120 Hayes Ranch","Oakland","CA","94121","06085","37.7266342","-122.4828064","740-344-7134","ACTIVE","2026-11-13","TRUE","FALSE","228","8","2.3093","CAQH_PROVIEW","2026-09-15 10:31:41","f56ba51f72603f769070a1c64af5615bed032f23b5563ec6761e78b2e9d6d343"
"1648186646","2823846592","796426568","French","Colleen","PA","08","Geriatrics","339737188X","FALSE","OUT_OF_NETWORK","2026-02-01","","TRUE","FALSE","TIER_1","1832 Serrano Cliffs","Fresno","CA","94121","06085","37.3506027","-122.3247138","024-994-7174","ACTIVE","2028-07-19","TRUE","FALSE","238","35","1.9777","CAQH_PROVIEW","2026-09-15 10:31:41","a4c4051dde68a2056dd27e05460f1795999e204b49a0fa1bc8c940d0dfe94b5c"
"1126776418","2357215696","973627324","Lyons","Sherri","MD","24","Family Practice","718162780X","TRUE","IN_NETWORK","2026-02-19","","TRUE","TRUE","TIER_2","1906 Munoz Burg Apt. 399","Oakland","CA","94609","06085","37.5253853","-121.7812754","049-027-8742","ACTIVE","2028-08-21","TRUE","FALSE","250","22","2.6044","CAQH_PROVIEW","2026-09-15 10:31:41","34043475ab8ec1bc0da7fc6fd3c00c2d04b669fb5ce46547abbcfbdd0e2d5d21"
"1942079705","","808208946","Shea","Ryan","DO","66","Rheumatology","840313260X","FALSE","IN_NETWORK","2024-07-17","","TRUE","TRUE","TIER_2","75655 Mia Isle Suite 746","Sacramento","CA","93722","06085","36.8006627","-122.0808981","807-154-5168","ACTIVE","2028-05-26","FALSE","FALSE","210","34","1.487","CAQH_PROVIEW","2026-09-15 10:31:41","7627e80e4edc779db49ad12b341ec7cf5aaafa2b0a20e229808e7c00dc9c6ee9"
"1505082191","2254513193","676912483","Bryan","Aaron","MD","08","Geriatrics","339090854X","FALSE","PREFERRED","2023-11-14","","TRUE","TRUE","TIER_2","0385 Garrett Trace Apt. 348","Sacramento","CA","95126","06085","37.2440522","-122.4567687","247-710-9324","ACTIVE","2027-07-21","TRUE","FALSE","235","35","0.6347","CAQH_PROVIEW","2026-09-15 10:31:41","7daaf17dec270f8eb001f32c25734657eba85adf0ab8db4950dd0b3e16cafc87"
"1484092859","2593740829","735686727","Pierce","Andrea","PA","24","Family Practice","293649379X","TRUE","IN_NETWORK","2024-05-27","","FALSE","FALSE","TIER_2","17127 Hicks Groves","Sacramento","CA","93701","06085","37.4128696","-122.1022303","677-378-2639","ACTIVE","2027-03-28","TRUE","FALSE","77","11","1.0529","CAQH_PROVIEW","2026-09-15 10:31:41","fd9e9049a97e744d0b4c3c891ea21fb5126188c852a5933304936a4ea99b66b2"
"1251224299","2527693141","844623687","Romero","Natasha","MD","38","Psychiatry","673997880X","FALSE","IN_NETWORK","2024-04-26","","TRUE","TRUE","TIER_2","6584 Justin Hills","Sacramento","CA","95014","06085","36.9106109","-122.169006","997-278-7558","ACTIVE","2027-02-21","TRUE","FALSE","242","1","1.3836","CAQH_PROVIEW","2026-09-15 10:31:41","21c56594e9af0bc1e0d644fb0fcc3c654e90babc66e60d2cc14a36f7bbade5bf"
"1995604142","2462857214","925480666","Hines","Nicholas","DO","86","Pulmonary Disease","485297578X","FALSE","IN_NETWORK","2025-03-13","","FALSE","FALSE","TIER_2","39636 Louis Mountains Suite 627","Oakland","CA","93727","06085","37.0128949","-121.842841","028-951-7187","ACTIVE","2027-06-16","TRUE","FALSE","168","34","2.6197","CAQH_PROVIEW","2026-09-15 10:31:41","7e5b5eae5d25ea71c953c3a19f76959d0e495cc93c5c0a9fb83f34fb852d4bfe"
"1249571689","2575261602","369577801","Smith","Douglas","MD","90","Nephrology","417280810X","FALSE","IN_NETWORK","2025-05-02","","TRUE","FALSE","TIER_1","74596 Melissa Walk","San Francisco","CA","94122","06085","37.704821","-121.8098414","865-780-9134","ACTIVE","2027-11-20","TRUE","FALSE","82","5","1.4367","CAQH_PROVIEW","2026-09-15 10:31:41","eee81ba46ea2e567410e4c9fa9e403ac87e67c82bca3bbfe35690f728d152e54"
"1681510765","2337609168","335508256","Bright","Julie","NP","11","Medical Oncology","906943035X","FALSE","OUT_OF_NETWORK","2026-01-11","","FALSE","TRUE","TIER_2","17240 Mark Centers Suite 556","San Jose","CA","94123","06085","37.2748391","-121.5094822","238-692-2219","ACTIVE","2028-06-24","TRUE","FALSE","155","10","1.6503","CAQH_PROVIEW","2026-09-15 10:31:41","1a7d5459e5d033e91e8e02b948ec6b74d6ed383ca792153bc22d60d05ad255f5"
"1424345573","2327253619","601227042","Pitts","Christine","DO","90","Nephrology","625498942X","FALSE","PREFERRED","2022-10-29","","TRUE","FALSE","TIER_3","9237 Stevens Shores","San Francisco","CA","94603","06085","36.8487489","-121.9235458","074-821-7594","ACTIVE","2028-09-01","TRUE","FALSE","19","1","0.9228","CAQH_PROVIEW","2026-09-15 10:31:41","9314e29d44a9fb5098da051b6da8d662c287448f2c5e84924af70f0ef3fbe447"
"1724667819","","579994398","Fowler","Roger","DDS","66","Rheumatology","431898275X","FALSE","IN_NETWORK","2026-03-14","","TRUE","TRUE","TIER_2","4367 John Ports Suite 944","Sacramento","CA","94132","06085","37.5000139","-122.4360097","064-090-9743","ACTIVE","2028-09-07","TRUE","FALSE","212","9","1.0219","CAQH_PROVIEW","2026-09-15 10:31:41","58e43482818b07d7939ee162a4af68f168176b4c6b29caeb39faf60da4e744bb"
"1406719360","","505870200","Lawson","Michael","MD","66","Rheumatology","410982800X","FALSE","PREFERRED","2023-09-28","","TRUE","FALSE","TIER_3","421 Kyle Mill","Fresno","CA","95148","06085","37.2654732","-121.7181601","095-214-5623","EXPIRED","2028-07-18","TRUE","FALSE","8","7","1.9144","CAQH_PROVIEW","2026-09-15 10:31:41","f7f5dc9ff5cf0d766bff391f79d6c5ac496dff8ada0b2ced319e524cf73e9f5b"
"1912754910","2470012350","389832340","Anderson","Amber","DO","66","Rheumatology","795894883X","FALSE","IN_NETWORK","2021-12-15","","TRUE","TRUE","TIER_2","842 Sloan Orchard Suite 517","Sacramento","CA","95131","06085","37.7691965","-121.7885016","123-685-1604","ACTIVE","2028-03-08","FALSE","FALSE","45","35","0.699","CAQH_PROVIEW","2026-09-15 10:31:41","b770dcf048dc28e10e74d358436c6b6feee1e21d5c7e4a22c1a7664eb7d05260"
"1851934101","2772230652","787438209","Herrera","Shawn","DO","66","Rheumatology","574378104X","FALSE","IN_NETWORK","2026-01-29","","TRUE","FALSE","TIER_1","651 Thomas River Suite 931","Fresno","CA","94121","06085","37.0459065","-121.8248276","746-120-0471","ACTIVE","2027-03-23","TRUE","FALSE","57","21","1.066","CAQH_PROVIEW","2026-09-15 10:31:41","740b36d5291a970ef6baa4e17afb3bfa1fc21a2e73ec917ac0cf3a02b0920009"
"1262316070","2544620463","436942857","Davis","Paige","PA","24","Family Practice","189966735X","TRUE","IN_NETWORK","2025-09-30","","TRUE","TRUE","TIER_1","7586 Nicole Shoal","Oakland","CA","93701","06085","37.3168167","-122.2155161","179-640-5377","ACTIVE","2027-11-06","TRUE","FALSE","54","1","0.5921","CAQH_PROVIEW","2026-09-15 10:31:41","b2a79b7f7a733667461e7b27b6283f22656d92a0949abbeab7d8e9862cd95cf8"
"1901502803","2569605022","569989543","Sampson","Melissa","DO","24","Family Practice","772558716X","TRUE","IN_NETWORK","2023-05-26","","FALSE","TRUE","TIER_2","585 Raymond Field","San Jose","CA","94131","06085","37.503039","-122.4268504","171-390-0532","ACTIVE","2027-03-16","FALSE","FALSE","37","30","2.2364","CAQH_PROVIEW","2026-09-15 10:31:41","0b4a2d4ab23f3a2536e8e1e91224f74617dd0b0209e3f3f16b36aa959a6b6d49"
"1674851985","2662418344","349745158","Buchanan","Jamie","MD","38","Psychiatry","205615216X","FALSE","IN_NETWORK","2021-11-05","","TRUE","FALSE","TIER_2","335 Kristina Ranch","Fresno","CA","94115","06085","37.6823847","-122.1591728","042-284-2102","ACTIVE","2028-05-20","TRUE","FALSE","210","22","0.8764","CAQH_PROVIEW","2026-09-15 10:31:41","66c5f15fe13421cdce616fa6afb2e68c91c7deca210ec636f0dd351c83a323fc"
"1559529593","","539219391","Smith","Kristy","PA","78","Cardiovascular Disease","336875344X","FALSE","IN_NETWORK","2024-10-26","","TRUE","FALSE","TIER_2","502 Williams Streets","Fresno","CA","94115","06085","37.6054821","-122.0121482","681-177-5891","ACTIVE","2027-10-27","FALSE","FALSE","85","24","1.9113","CAQH_PROVIEW","2026-09-15 10:31:41","0a2e1f27736003bd78ab50b48e4224f9e73abce8ca0e1e4aefb7c08309d695d1"
"1541020874","2536793882","871597906","Hayes","Jeffrey","MD","38","Psychiatry","106242265X","FALSE","IN_NETWORK","2023-11-24","","TRUE","FALSE","TIER_2","847 Bruce Neck","Fresno","CA","95014","06085","37.5081578","-121.669539","661-771-1592","ACTIVE","2028-05-28","TRUE","FALSE","88","24","1.7278","CAQH_PROVIEW","2026-09-15 10:31:41","b0ac7ae9c7063d8f22f6282a861ce264d93d82f1ad59b4785a1dd1352a72d00f"
"1458418069","2443142852","953931434","Jones","Joshua","MD","08","Geriatrics","573358718X","FALSE","IN_NETWORK","2022-12-09","","FALSE","TRUE","TIER_2","9847 Garcia Squares Apt. 836","Oakland","CA","93720","06085","37.29219","-121.902723","736-576-6156","ACTIVE","2027-12-16","FALSE","FALSE","226","8","0.6678","CAQH_PROVIEW","2026-09-15 10:31:41","94f4f7c77cd23f18a1459929b3937df30898f35e0216e2db65a7fc17f77b2c63"
"1717968512","","940423738","Edwards","Jonathan","PA","08","Geriatrics","850797601X","FALSE","IN_NETWORK","2022-06-20","","TRUE","TRUE","TIER_3","711 Christopher Court","Oakland","CA","95014","06085","37.6929796","-122.0385309","528-098-8516","ACTIVE","2027-05-03","FALSE","FALSE","131","36","1.5664","CAQH_PROVIEW","2026-09-15 10:31:41","9e1e5d2c1a1b5e44ca5c1051656938e901befd7bc272bac193c6089bdfa765b5"
"1247038561","2696464195","930825510","Gomez","Elizabeth","NP","66","Rheumatology","254638447X","FALSE","IN_NETWORK","2021-11-15","","TRUE","TRUE","TIER_2","049 Bell Ports Apt. 273","San Jose","CA","93701","06085","37.4109641","-122.3660456","158-514-9368","ACTIVE","2027-06-07","FALSE","FALSE","182","3","2.6309","CAQH_PROVIEW","2026-09-15 10:31:41","e356830df6445d8fdf546d10333f813ac2e4f8a899607d0d25fb55ddd480b24c"
"1850241428","2941623880","758582003","Villegas","Loretta","MD","38","Psychiatry","104664655X","FALSE","IN_NETWORK","2025-07-31","","TRUE","TRUE","TIER_2","402 Park Inlet","San Jose","CA","95128","06085","36.9971304","-121.8698598","550-229-6120","ACTIVE","2026-10-27","TRUE","FALSE","11","3","2.5501","CAQH_PROVIEW","2026-09-15 10:31:41","9e09a55312aa66ff942a051f3d12b31c3b60836556ba4ef99e2af49a1ba5506a"
"1873138581","2584642883","925522076","Davis","Alyssa","DO","90","Nephrology","124632666X","FALSE","IN_NETWORK","2021-10-14","","TRUE","FALSE","TIER_3","7525 Griffith Trail Apt. 022","Sacramento","CA","94123","06085","37.0045928","-121.7472619","901-476-7976","ACTIVE","2028-04-23","TRUE","FALSE","159","25","1.6472","CAQH_PROVIEW","2026-09-15 10:31:41","72e71f1f132a441cdc0471e138807432c0430ac9aaa85137cd0be62a7c1d1c54"
"1894639988","2497790904","650226939","Nelson","Kari","MD","08","Geriatrics","867931864X","FALSE","IN_NETWORK","2025-12-03","","TRUE","TRUE","TIER_2","6149 Rose Inlet","Oakland","CA","95131","06085","37.6767081","-121.900606","036-900-3432","ACTIVE","2027-08-03","FALSE","FALSE","164","23","2.2563","CAQH_PROVIEW","2026-09-15 10:31:41","83bc529e929c84cbf7a247fe79708a0f0c50ea2ea37934c73b726c0fd1e37a40"
"1200482595","2470420116","769723467","Duran","Keith","NP","97","General Practice","860726423X","TRUE","OUT_OF_NETWORK","2022-08-12","","TRUE","FALSE","TIER_2","76226 Vincent Village","San Jose","CA","94118","06085","37.698922","-122.2082265","516-060-7159","ACTIVE","2027-01-02","FALSE","FALSE","248","33","2.1876","CAQH_PROVIEW","2026-09-15 10:31:41","26811df008b0d9da66cee50dce4bab764eff4cfd9d45938a0bdbaaeb2e644c05"
"1719631786","2329326428","554520274","Patterson","Richard","MD","01","Internal Medicine / General Practice","781080247X","FALSE","IN_NETWORK","2022-07-18","","TRUE","TRUE","TIER_2","1605 Laurie River Suite 516","San Jose","CA","95128","06085","37.1849621","-121.9910288","136-968-1645","ACTIVE","2027-10-06","TRUE","FALSE","127","19","1.5536","CAQH_PROVIEW","2026-09-15 10:31:41","4b182563e3acf33ccd1ce0e568250be68af64b0d62b0fd32753360373ee2f2cc"
"1478240172","","684046001","Walker","Kimberly","MD","90","Nephrology","138753165X","FALSE","IN_NETWORK","2025-09-14","","FALSE","FALSE","TIER_1","188 Rebecca Keys","San Jose","CA","95128","06085","37.0818322","-122.3900101","523-124-3292","ACTIVE","2027-09-05","TRUE","FALSE","232","29","2.3177","CAQH_PROVIEW","2026-09-15 10:31:41","831a5019592bcefade719a199e477486392f1ba44832c114fe984985c66f0876"
"1805510612","","655581409","Wolf","Diana","DDS","08","Geriatrics","655510091X","FALSE","IN_NETWORK","2023-11-05","","TRUE","TRUE","TIER_2","779 Maldonado Port","Fresno","CA","95131","06085","36.8934088","-122.1341864","955-271-7744","ACTIVE","2027-01-28","FALSE","FALSE","216","24","1.5086","CAQH_PROVIEW","2026-09-15 10:31:41","d78ec75d106c3bacd45f90c36133649960672eef746df914948a9c0670e2a0c0"
"1721849498","2303572125","474430601","Vargas","Michael","MD","90","Nephrology","678874106X","FALSE","IN_NETWORK","2025-11-02","","TRUE","TRUE","TIER_1","7700 Decker Club","Fresno","CA","94102","06085","37.1328395","-121.5209592","199-867-9807","ACTIVE","2027-09-08","TRUE","FALSE","185","9","1.7545","CAQH_PROVIEW","2026-09-15 10:31:41","9bb93ce441f05b51089ee25b6695da28af6dc7ec057bb1092cf82f9fedc82663"
"1365121603","2602644932","952047789","Stout","Ashley","MD","66","Rheumatology","700820902X","FALSE","OUT_OF_NETWORK","2025-12-21","","TRUE","TRUE","TIER_3","9782 Shannon Valleys","Oakland","CA","95014","06085","36.9592224","-122.0998203","518-203-7788","ACTIVE","2027-03-31","TRUE","FALSE","242","27","1.4838","CAQH_PROVIEW","2026-09-15 10:31:41","40a9c3faff342cfc9a7c6c85add2fe38e496a45d9fd8b77c379b25db326ef509"
"1620633149","2614311438","612583850","Bishop","Michael","MD","97","General Practice","701483985X","TRUE","PREFERRED","2022-08-02","","TRUE","TRUE","TIER_1","6590 Jones Court Suite 449","Oakland","CA","95054","06085","37.0045086","-121.5990499","251-925-4629","ACTIVE","2028-03-25","FALSE","FALSE","212","3","0.8786","CAQH_PROVIEW","2026-09-15 10:31:41","6d491c67a2b3a38f73b8e82823ee25a5b3701eaafe13b5b8f501638d3a148337"
"1235057312","","706700235","Fletcher","Christopher","MD","90","Nephrology","875306346X","FALSE","IN_NETWORK","2026-03-03","","TRUE","FALSE","TIER_1","528 Debbie Manors Suite 054","San Jose","CA","94123","06085","37.7413769","-122.4923459","235-733-2214","ACTIVE","2028-02-05","TRUE","FALSE","147","10","2.6853","CAQH_PROVIEW","2026-09-15 10:31:41","7a0d0e0f18b9d73993829971c7c5cddae55d9886d29c62142cf781124b6f8ba2"
"1951861812","","900587789","Richard","Craig","MD","86","Pulmonary Disease","518690508X","FALSE","IN_NETWORK","2025-02-06","","TRUE","FALSE","TIER_3","592 Moore Falls","San Francisco","CA","95014","06085","36.9402086","-122.3717283","927-065-3794","ACTIVE","2028-03-11","FALSE","FALSE","118","5","0.8368","CAQH_PROVIEW","2026-09-15 10:31:41","b6197dbc9736ec5e17b6a87e3083741778e31aa6949b699b3f8ce9a493131e7e"
"1151593244","","942749688","Goodwin","Kristen","DO","11","Medical Oncology","604283985X","FALSE","PREFERRED","2025-09-08","","FALSE","FALSE","TIER_1","347 Micheal Ports","Fresno","CA","94103","06085","37.1487988","-121.8413532","774-688-6239","ACTIVE","2028-09-08","TRUE","FALSE","244","7","2.0591","CAQH_PROVIEW","2026-09-15 10:31:41","b873ff6462cd9ddb23d523b387df261cb647652116658a5ea182ff9d7ea28fa7"
"1725523560","","605474620","Taylor","John","MD","86","Pulmonary Disease","351823281X","FALSE","IN_NETWORK","2025-02-14","","TRUE","TRUE","TIER_2","8181 Miller Estates Suite 782","San Francisco","CA","95131","06085","37.0959956","-121.8927443","613-750-6068","ACTIVE","2028-01-24","FALSE","FALSE","162","23","0.8504","CAQH_PROVIEW","2026-09-15 10:31:41","f38eb06e12d209ee18f80a93d7752e80da392f277a228f11236039d45715cb2f"
"1984892178","2194750727","822185513","Brooks","Paul","MD","38","Psychiatry","377425603X","FALSE","OUT_OF_NETWORK","2024-11-05","","FALSE","FALSE","TIER_3","3051 Moody Dam","Fresno","CA","94609","06085","37.0002908","-121.8054424","047-277-9010","ACTIVE","2028-01-27","TRUE","FALSE","10","23","2.0945","CAQH_PROVIEW","2026-09-15 10:31:41","a55827bbe48ac705aa27c4d00d3b9fc18ff6cdfb58a99b8296ede90567c790fd"
"1613507099","2526238382","961110278","Scott","Mary","NP","24","Family Practice","262555970X","TRUE","IN_NETWORK","2023-11-12","","TRUE","TRUE","TIER_2","43410 Robert Underpass Suite 117","San Jose","CA","95054","06085","36.8371419","-121.797901","980-893-2460","ACTIVE","2027-01-07","TRUE","FALSE","107","22","1.7892","CAQH_PROVIEW","2026-09-15 10:31:41","9965ba4f588db140e57e984f4430dee41e6e9705f210a5d80a768d3e2f946a16"
"1870697312","","584567759","Mendez","John","MD","24","Family Practice","195840932X","TRUE","IN_NETWORK","2022-11-06","","TRUE","TRUE","TIER_3","18518 Peter Mountains Apt. 654","Fresno","CA","94131","06085","37.1186445","-121.9923999","051-531-9520","ACTIVE","2027-05-11","FALSE","FALSE","125","36","0.71","CAQH_PROVIEW","2026-09-15 10:31:41","74fb4d4f1c4f895ea93f2f9469a40b16c783027dca8f329f2726a9b1ba4fe900"
"1370743043","2322982284","298375408","Bell","Matthew","PA","78","Cardiovascular Disease","631346703X","FALSE","IN_NETWORK","2022-05-01","","TRUE","FALSE","TIER_3","772 Bryan Trail","Fresno","CA","93711","06085","37.6317544","-121.687687","704-303-0548","ACTIVE","2027-08-01","TRUE","FALSE","98","9","2.291","CAQH_PROVIEW","2026-09-15 10:31:41","ef6bc69d40fc32dc5d1e1fa2bf12e16b946084e6ee02bd94ad542c5abd6b84d7"
"1252457406","","940029411","Sanders","Lisa","PA","38","Psychiatry","825099233X","FALSE","IN_NETWORK","2022-07-11","","TRUE","TRUE","TIER_2","0345 Michelle Isle Suite 156","San Francisco","CA","93711","06085","36.9285357","-122.4973863","676-527-7584","ACTIVE","2028-03-08","FALSE","FALSE","27","19","2.033","CAQH_PROVIEW","2026-09-15 10:31:41","642e0a982b524c017b771b5d780e4bbfcecac74a0d1e4a1eb39f1ba40f724dd1"
"1504790266","2883437618","261224814","Owen","Jessica","PA","01","Internal Medicine / General Practice","847403765X","FALSE","IN_NETWORK","2022-02-23","","TRUE","TRUE","TIER_2","9284 Garcia Islands","Fresno","CA","94501","06085","37.6774116","-122.0993556","447-962-7570","ACTIVE","2027-03-10","TRUE","FALSE","221","13","1.3772","CAQH_PROVIEW","2026-09-15 10:31:41","7d87536d9836514a63a774340d53051e90828264ec2e76a615a4e6991d7db233"
"1865329199","2222361528","980737473","Acosta","Rhonda","MD","24","Family Practice","432562086X","TRUE","PREFERRED","2023-03-27","","FALSE","TRUE","TIER_1","0165 Stephanie Divide Suite 021","San Jose","CA","94609","06085","37.3886443","-122.4340335","355-690-9275","ACTIVE","2028-04-05","TRUE","FALSE","90","17","0.6483","CAQH_PROVIEW","2026-09-15 10:31:41","cbef86967212ac8f49074ba6139284d7a591aae929d45d34b0ef26d8c4c4eaf8"
"1683852627","2360319583","648270215","Watson","Kathryn","MD","97","General Practice","673152204X","TRUE","PREFERRED","2022-08-11","","TRUE","FALSE","TIER_2","565 Wright Crescent","San Francisco","CA","93720","06085","37.0206251","-122.0565185","027-868-1447","ACTIVE","2027-07-10","TRUE","FALSE","40","8","2.0511","CAQH_PROVIEW","2026-09-15 10:31:41","f2287144ee4b7d3cc9626f3d35c29b0156e9655cd8bc951d1cc53fdf58bcc1ef"
"1560731187","2870740196","436532420","Lewis","Cheryl","MD","90","Nephrology","989282376X","FALSE","IN_NETWORK","2025-09-20","","TRUE","TRUE","TIER_3","12172 Osborn Valleys Suite 518","Sacramento","CA","93727","06085","37.2579985","-122.4962541","844-225-8313","ACTIVE","2027-07-04","FALSE","FALSE","247","13","2.051","CAQH_PROVIEW","2026-09-15 10:31:41","0602d9e2b0f30029606676847bee0d5713b25965d6fff98660b2f1d7e758c6bb"
"1896374831","2233994371","531168543","Conner","Joel","MD","24","Family Practice","553323855X","TRUE","IN_NETWORK","2022-10-25","","TRUE","FALSE","TIER_2","58957 Cheryl Corners Apt. 467","Oakland","CA","95014","06085","37.778732","-122.4053355","866-912-5177","ACTIVE","2028-03-13","TRUE","FALSE","170","1","2.2422","CAQH_PROVIEW","2026-09-15 10:31:41","b436f675dfa834dbba382c351391a294ac7ae4a3771733b4adf11b8409a2d5d4"
"1211503589","","639339766","Frazier","Melvin","PA","78","Cardiovascular Disease","564331274X","FALSE","PREFERRED","2023-02-28","","TRUE","FALSE","TIER_2","68018 Kevin Estates","Oakland","CA","94121","06085","37.458202","-121.9573072","535-841-4384","ACTIVE","2027-11-26","FALSE","FALSE","11","5","2.176","CAQH_PROVIEW","2026-09-15 10:31:41","ee8ad8c985b87d12514af05bf099eb7a73455840a5ddcfe5d26114a8fb43af31"
"1525751796","2838505209","409074965","Martinez","Kevin","MD","11","Medical Oncology","526363607X","FALSE","IN_NETWORK","2025-09-25","","FALSE","FALSE","TIER_2","299 George Road","Oakland","CA","94577","06085","37.6308025","-121.9851213","959-001-0943","ACTIVE","2028-01-12","TRUE","FALSE","48","11","1.7657","CAQH_PROVIEW","2026-09-15 10:31:41","16735d116e5f302a2732e5304644622f3f49bf74015d353e1fe3dda533bb3708"
"1788079363","2447311290","566573742","Wang","Robert","DO","97","General Practice","615688401X","TRUE","IN_NETWORK","2023-08-10","","TRUE","TRUE","TIER_2","8447 Linda Spur","Sacramento","CA","94131","06085","37.6084235","-121.9343994","647-102-7677","ACTIVE","2028-06-03","FALSE","TRUE","219","31","1.3744","CAQH_PROVIEW","2026-09-15 10:31:41","a226378522c47251d4a1789ab6d927e9e2e8984f6b94ef019962a11b3ef3104e"
"1126776473","2930224364","673323381","Harris","Catherine","MD","90","Nephrology","938279315X","FALSE","PREFERRED","2024-01-16","","TRUE","TRUE","TIER_3","556 Kathleen Passage Apt. 537","San Jose","CA","94115","06085","37.718456","-121.5588096","147-321-0469","ACTIVE","2026-11-14","TRUE","FALSE","151","4","2.6928","CAQH_PROVIEW","2026-09-15 10:31:41","b7e4fa804561ddd0eecc1c056ca7e60a83135de9db7200d5b89f0bf8900a5095"
"1249330768","","764339511","Barnes","Sydney","MD","97","General Practice","160218084X","TRUE","OUT_OF_NETWORK","2022-07-24","","TRUE","TRUE","TIER_3","9532 Ferrell Mountain","Sacramento","CA","95148","06085","36.8802788","-122.3858492","747-016-8733","ACTIVE","2028-04-12","FALSE","FALSE","52","16","1.1205","CAQH_PROVIEW","2026-09-15 10:31:41","e1f054f11782b3d9a7551002dc4fd0248ae1e712394fb36f12a3ea740d6b7afd"
"1855920690","2310643394","219346520","Aguilar","Brandon","MD","11","Medical Oncology","884998043X","FALSE","IN_NETWORK","2025-05-16","","TRUE","TRUE","TIER_2","9748 Melanie Meadows Apt. 456","Sacramento","CA","93701","06085","37.0329145","-122.4833397","506-098-3584","ACTIVE","2026-12-04","FALSE","FALSE","105","40","0.5831","CAQH_PROVIEW","2026-09-15 10:31:41","0194887b11e4cd995ebd183cd59d8b0dcb8c1cacb6fe8d83f8ce6acd628422cb"
"1395533528","2981370046","327846391","Jones","William","DO","11","Medical Oncology","116833364X","FALSE","IN_NETWORK","2024-01-22","","TRUE","TRUE","TIER_3","912 Phillip Underpass Suite 852","Fresno","CA","94122","06085","37.0270619","-122.3109674","398-680-0025","ACTIVE","2027-04-18","TRUE","FALSE","168","12","0.5456","CAQH_PROVIEW","2026-09-15 10:31:41","46aa27191b26b853c33aa7f3869302552dd308c37871642c14f1ed2aea039d32"
"1246137875","","881886552","Brock","April","MD","38","Psychiatry","126717496X","FALSE","PREFERRED","2022-04-21","","FALSE","TRUE","TIER_3","825 Martin Ridges","San Francisco","CA","95148","06085","37.16348","-122.0304265","495-888-7947","ACTIVE","2028-05-24","FALSE","FALSE","211","17","1.2017","CAQH_PROVIEW","2026-09-15 10:31:41","bfad33201b72926f9fa18fc9cf6657cb478831559cf329c218a7a6a7094bf20e"
"1812261598","2426341155","471819915","Cabrera","Micheal","PA","97","General Practice","335009665X","TRUE","IN_NETWORK","2024-10-15","","TRUE","TRUE","TIER_2","9409 Baker Shoal","Fresno","CA","94578","06085","37.7032181","-121.7110142","993-097-2896","ACTIVE","2027-11-08","FALSE","FALSE","172","27","2.5615","CAQH_PROVIEW","2026-09-15 10:31:41","fd60faf1c4fc1715865349d8ae95a44ff16872e1505839f93e616bc81b766040"
"1676018658","2479217387","903208697","Hernandez","Erin","MD","78","Cardiovascular Disease","560591776X","FALSE","IN_NETWORK","2022-09-06","","TRUE","TRUE","TIER_3","130 Edwards Drive","Fresno","CA","95014","06085","37.3615643","-121.6438504","636-897-0283","ACTIVE","2027-05-06","TRUE","FALSE","60","27","2.7509","CAQH_PROVIEW","2026-09-15 10:31:41","0c39493a617cb1c9a1f17de2b7ed57b59ad75af451c16642194b6d2b3930fcb0"
"1991066547","","512166485","Hoffman","Whitney","MD","38","Psychiatry","930152283X","FALSE","IN_NETWORK","2022-07-26","","TRUE","FALSE","TIER_1","652 Barr Junctions Suite 497","Sacramento","CA","94577","06085","37.2709995","-121.5756883","334-843-4437","ACTIVE","2027-10-23","TRUE","FALSE","60","16","1.1918","CAQH_PROVIEW","2026-09-15 10:31:41","60c1b9569f290368ad60b21d9e95858a40292be03408a43f9b69e75b45b36026"
"1882543250","","839822046","Stewart","Michael","MD","78","Cardiovascular Disease","388986794X","FALSE","OUT_OF_NETWORK","2023-12-19","","TRUE","FALSE","TIER_2","1986 Cardenas Trail Apt. 404","San Francisco","CA","95054","06085","37.5997099","-122.1388218","157-473-3848","ACTIVE","2027-08-23","FALSE","FALSE","18","29","0.9533","CAQH_PROVIEW","2026-09-15 10:31:41","495292b215815006c00e3d3f96439843d265d290833cfccc5f958da40765e99b"
"1284914801","2946612117","570827048","Horton","Derrick","DO","97","General Practice","836184335X","TRUE","PREFERRED","2026-03-10","","TRUE","FALSE","TIER_2","08330 Robert Stravenue","San Francisco","CA","94121","06085","37.6445363","-121.9097095","712-082-6773","ACTIVE","2028-02-28","FALSE","FALSE","112","8","1.2707","CAQH_PROVIEW","2026-09-15 10:31:41","8a9fd5d9089600ba851e6843672de8608c962455c5e90831d51fb781693756a0"
"1477059584","2325182695","568741931","Avila","Justin","MD","08","Geriatrics","169503511X","FALSE","IN_NETWORK","2025-06-07","","FALSE","TRUE","TIER_2","019 Amanda Stream Apt. 262","San Jose","CA","94102","06085","37.4579336","-121.5405786","067-240-0499","ACTIVE","2027-10-01","FALSE","FALSE","216","14","2.2264","CAQH_PROVIEW","2026-09-15 10:31:41","c0c8d21fb6a9e54e890938c68aa06095a703c7eef5b97087969b2395e205ff37"
"1766192957","","630683223","Rodriguez","Tonya","MD","66","Rheumatology","594693358X","FALSE","IN_NETWORK","2024-09-24","","TRUE","TRUE","TIER_2","8872 Nelson Valleys Apt. 527","Fresno","CA","95126","06085","37.3761045","-122.2252288","420-549-3296","ACTIVE","2028-08-17","FALSE","FALSE","236","11","2.3541","CAQH_PROVIEW","2026-09-15 10:31:41","1bc066cb5a41d5ffb60e31da83af1ddeec7f37f43e2e7e7b503e73b42505f5d6"
"1469309222","2778519735","663200280","Wilcox","Zachary","DDS","08","Geriatrics","957046045X","FALSE","IN_NETWORK","2022-10-30","","FALSE","FALSE","TIER_2","1227 Boyle Avenue","Sacramento","CA","95126","06085","37.1485616","-122.1577785","463-745-4990","ACTIVE","2028-09-07","TRUE","FALSE","64","20","0.7157","CAQH_PROVIEW","2026-09-15 10:31:41","a41bcbd2d60e9c783292755aea241d798bc1e9829c320618632a31addef04fee"
"1611784511","2215592123","646390055","Green","Michael","MD","38","Psychiatry","365698202X","FALSE","IN_NETWORK","2023-09-26","","TRUE","TRUE","TIER_2","17426 Vaughn Route","San Jose","CA","93727","06085","37.217879","-122.0260937","459-332-7279","ACTIVE","2026-11-16","FALSE","FALSE","221","5","2.0359","CAQH_PROVIEW","2026-09-15 10:31:41","0429ec328b8693c5fd67fd81e6b2347e10f6a4eb721ad833eec7190f6888694b"
"1991694626","2651576310","476529928","Brooks","Jacqueline","MD","86","Pulmonary Disease","648858166X","FALSE","IN_NETWORK","2021-10-27","","TRUE","TRUE","TIER_2","339 Alicia Pines Suite 191","San Francisco","CA","94132","06085","37.6829702","-122.3262002","088-398-2258","ACTIVE","2027-12-24","FALSE","FALSE","155","39","2.6457","CAQH_PROVIEW","2026-09-15 10:31:41","16d0eb685880a128b662b23f0b50dcf028f874efb786dd7aafba119fc704dd34"
"1555155329","","263690400","Ramos","Erin","MD","97","General Practice","134881693X","TRUE","IN_NETWORK","2022-03-22","","TRUE","FALSE","TIER_2","87072 Bryant Centers Suite 406","Sacramento","CA","94609","06085","37.1360271","-122.4262464","403-910-6518","ACTIVE","2028-07-09","TRUE","TRUE","143","9","2.6107","CAQH_PROVIEW","2026-09-15 10:31:41","82aaf6d1d541c8bbc2543adb7c804e4b0b875bfc05c285187c03dcfba903eb3e"
"1234263574","2141315764","531331460","Mcknight","Sarah","MD","78","Cardiovascular Disease","197121569X","FALSE","IN_NETWORK","2022-07-12","","TRUE","TRUE","TIER_2","0462 Katie Stream","San Jose","CA","94131","06085","37.6277847","-121.9689842","656-766-1825","ACTIVE","2027-07-29","TRUE","FALSE","99","38","2.3766","CAQH_PROVIEW","2026-09-15 10:31:41","a2123018e7a510de3aaa4fb9ff93721ed4b8dc1949f6ccaaf0b30f4775053dd7"
"1530289001","","674125109","Wilson","Victoria","MD","38","Psychiatry","298433240X","FALSE","IN_NETWORK","2022-10-25","","TRUE","TRUE","TIER_3","230 Tiffany Mountain Suite 863","Oakland","CA","94131","06085","37.0553517","-122.0286193","375-243-1069","ACTIVE","2027-02-01","TRUE","FALSE","79","37","0.5559","CAQH_PROVIEW","2026-09-15 10:31:41","f79f884f8af501b6ed33883b4e09ab5b3a89fb21f3344a3088354a42849014fa"
"1406271505","2140946875","936238982","Miranda","Nicole","DO","38","Psychiatry","268344618X","FALSE","IN_NETWORK","2022-06-28","","FALSE","TRUE","TIER_1","31190 Harper Squares","San Francisco","CA","94609","06085","37.1725122","-121.5846485","030-673-8302","ACTIVE","2028-01-04","FALSE","FALSE","178","6","1.2376","CAQH_PROVIEW","2026-09-15 10:31:41","1539078f579b99c5c95cf484d634aa0fcd1ffede7788d451cf31d26971f0792b"
"1538086917","2219768074","658875079","Gordon","Keith","MD","11","Medical Oncology","759689472X","FALSE","IN_NETWORK","2025-09-30","","TRUE","FALSE","TIER_1","953 Walter Shore Apt. 644","Fresno","CA","94115","06085","37.709702","-122.2863705","089-268-7056","ACTIVE","2027-09-27","TRUE","FALSE","63","39","0.8579","CAQH_PROVIEW","2026-09-15 10:31:41","1a3d7312f3be5f13589df7a48f7df110c4c7465359cf1a4e5e4fad5232933a90"
"1205173253","","585457063","Floyd","Lucas","MD","97","General Practice","651736621X","TRUE","IN_NETWORK","2022-05-22","","TRUE","TRUE","TIER_2","2462 Allen Fork Suite 270","Oakland","CA","95148","06085","37.2351495","-122.0159536","866-882-6343","ACTIVE","2028-09-09","FALSE","FALSE","93","38","2.2031","CAQH_PROVIEW","2026-09-15 10:31:41","45c9f2f25efc12a400220ed268be61b5b2206d36219207a88e15d84bc7500b9b"
"1882753141","","759143600","Rivera","Christian","MD","08","Geriatrics","630822799X","FALSE","IN_NETWORK","2023-02-07","","TRUE","FALSE","TIER_1","1830 Bennett Rapids Apt. 139","Oakland","CA","94102","06085","36.9309322","-121.8537981","837-354-0331","ACTIVE","2027-04-14","TRUE","FALSE","168","22","2.5251","CAQH_PROVIEW","2026-09-15 10:31:41","122facee03b70a91763bc93ca91f1963739114b9c1f3c68ebd7a3dcd72a277b0"
"1282644562","","493284532","Burgess","Karen","MD","97","General Practice","840638865X","TRUE","IN_NETWORK","2023-08-22","","TRUE","TRUE","TIER_2","936 Andrea Trail","San Francisco","CA","94132","06085","36.8085088","-121.7191289","467-854-4587","ACTIVE","2026-12-02","FALSE","FALSE","142","9","1.0522","CAQH_PROVIEW","2026-09-15 10:31:41","3e6509a6275aa8fd36a4937148f175cabebcd7f59d14c434ff002635c534d278"
"1555228021","2361654107","462602020","Owens","Leah","MD","90","Nephrology","164538795X","FALSE","IN_NETWORK","2025-08-26","","TRUE","TRUE","TIER_1","3556 Anna Forges Apt. 048","San Francisco","CA","94122","06085","36.871671","-121.6286525","996-423-5369","ACTIVE","2028-01-15","FALSE","FALSE","30","15","1.7315","CAQH_PROVIEW","2026-09-15 10:31:41","eb5e875992e535cd1652eb377163a3678a0f9d774d7d3d4813f9d95ca486dd89"
"1687234675","","884161342","Whitaker","Victor","MD","11","Medical Oncology","545963550X","FALSE","IN_NETWORK","2026-03-01","","TRUE","TRUE","TIER_1","7772 Jackson Stravenue Suite 280","San Francisco","CA","93727","06085","37.4721184","-121.9770281","801-006-2312","ACTIVE","2027-01-01","TRUE","FALSE","171","30","2.7778","CAQH_PROVIEW","2026-09-15 10:31:41","efe005052e2bade6462bce12629a5850cc424f6e5c991a10c33be6924a26cf89"
"1892721423","2186750293","475929276","Smith","William","DO","78","Cardiovascular Disease","207076912X","FALSE","IN_NETWORK","2021-11-02","","TRUE","TRUE","TIER_2","99770 Amanda Loop Apt. 084","San Francisco","CA","94501","06085","36.9841872","-122.4572583","840-862-1182","ACTIVE","2027-12-27","TRUE","FALSE","121","7","1.4975","CAQH_PROVIEW","2026-09-15 10:31:41","abdd2925c753d71334307c709062be85d6b9374acb4c215e49e3d551a8cc7566"
"1388830383","2186894675","318250305","Allen","Christine","PA","90","Nephrology","727216428X","FALSE","IN_NETWORK","2021-12-27","","TRUE","TRUE","TIER_2","4615 Stevens Gardens Apt. 410","Oakland","CA","94118","06085","36.9803034","-122.0412222","166-687-0021","ACTIVE","2027-09-08","FALSE","FALSE","97","16","2.6499","CAQH_PROVIEW","2026-09-15 10:31:41","71f101a0f313fca72765ee3fef8a761bf18360aaee08a1d81e0ad1cc62b8cf79"
"1551310578","2888514706","934820939","Porter","Ryan","NP","97","General Practice","838840227X","TRUE","IN_NETWORK","2021-12-24","","TRUE","TRUE","TIER_2","180 Jason Ways Suite 401","San Jose","CA","95148","06085","37.2277861","-122.4217527","489-025-0392","ACTIVE","2027-04-23","TRUE","FALSE","221","27","1.0532","CAQH_PROVIEW","2026-09-15 10:31:41","b45a636a7afbac660d5ca53e037681cc51ecfcd01abdb0ef7e0be3b710abd99b"
"1480507688","2592596661","305705141","Goodwin","Jennifer","MD","78","Cardiovascular Disease","663449144X","FALSE","IN_NETWORK","2023-07-15","","TRUE","FALSE","TIER_2","42939 Rhodes Plains Suite 621","San Francisco","CA","94131","06085","37.7399556","-122.1277447","850-163-1599","ACTIVE","2028-04-23","FALSE","FALSE","47","8","1.0001","CAQH_PROVIEW","2026-09-15 10:31:41","7fe98e55c994cfb51b7afc7493ecae839a7214baf556f2f3c95a6120331bf632"
"1803598061","2830119469","318594770","Friedman","Randy","MD","38","Psychiatry","590784627X","FALSE","IN_NETWORK","2023-11-18","","FALSE","FALSE","TIER_3","47735 Reynolds Springs Suite 194","San Jose","CA","94501","06085","37.2242629","-121.7724788","311-426-2655","ACTIVE","2027-04-13","TRUE","FALSE","165","6","1.3616","CAQH_PROVIEW","2026-09-15 10:31:41","a31a3ff960d78c748fa53a8219a90904b80fafd2d25829443c0b120ecdffa3e6"
"1417313888","2504916285","778368700","Rodriguez","Adam","DDS","90","Nephrology","516074078X","FALSE","IN_NETWORK","2022-11-21","","TRUE","TRUE","TIER_2","5412 Jacob Mission Suite 101","San Francisco","CA","94132","06085","37.2791978","-121.6582811","581-995-6046","ACTIVE","2027-12-14","FALSE","FALSE","60","24","1.7678","CAQH_PROVIEW","2026-09-15 10:31:41","3eb3ce5b890c8fff942a6dfd27fd0540bb376deca02096d512b90e0ebf2f257c"
"1936884791","","819176585","Hughes","Christopher","DDS","24","Family Practice","901891836X","TRUE","IN_NETWORK","2025-05-27","","FALSE","FALSE","TIER_1","826 Dominic Hollow","Sacramento","CA","93722","06085","37.0270132","-121.6570607","472-126-4647","PENDING","2027-11-30","TRUE","FALSE","34","10","1.6099","CAQH_PROVIEW","2026-09-15 10:31:41","98c100f7f1c19618c221d07dc45b6de3fc6949e32922c69ef5712bcaa73747d8"
"1161902389","2651434054","368446678","Patton","Michael","MD","78","Cardiovascular Disease","233226882X","FALSE","IN_NETWORK","2023-04-22","","TRUE","TRUE","TIER_1","799 Stephen Dale","San Francisco","CA","94603","06085","36.8941878","-121.9567839","406-596-5756","ACTIVE","2027-03-12","TRUE","FALSE","119","37","2.2772","CAQH_PROVIEW","2026-09-15 10:31:41","05411d7e757fe7ea6a1f2c110a6ab7a4818a790b5357d11e60b06f3715717d58"
"1530010569","","824526139","Ochoa","Michele","DO","01","Internal Medicine / General Practice","770317828X","FALSE","PREFERRED","2022-11-06","","TRUE","TRUE","TIER_2","5937 Thompson Locks","San Jose","CA","93701","06085","37.0520443","-121.9234489","547-935-6465","ACTIVE","2028-03-31","FALSE","FALSE","32","31","0.7857","CAQH_PROVIEW","2026-09-15 10:31:41","1b4b3c062b51da877c466cc8a00d415e14df0002ee919ce6afaed2488c93af32"
"1399745070","","210107303","Wilson","Anne","MD","90","Nephrology","628835042X","FALSE","PREFERRED","2025-01-11","","TRUE","FALSE","TIER_2","807 Samuel Highway","Oakland","CA","94609","06085","37.3345372","-122.3979945","167-243-4266","ACTIVE","2028-05-03","FALSE","FALSE","109","15","0.7178","CAQH_PROVIEW","2026-09-15 10:31:41","9186b718c465f64a223e9db4faa8b61bf2e04d203de55f7ec2c63732c7e8b22f"
"1538016478","2740684021","527586062","Jones","Vicki","DO","24","Family Practice","333988312X","TRUE","PREFERRED","2023-06-24","","FALSE","TRUE","TIER_1","688 Stephens Turnpike Suite 891","San Francisco","CA","94122","06085","37.5448464","-121.7467055","135-290-9656","ACTIVE","2028-01-17","TRUE","FALSE","151","13","1.7088","CAQH_PROVIEW","2026-09-15 10:31:41","98e229ea8ff71f1e93281967b0cd2648434a4e43cd594ae9f690cdb2cb45e6e7"
"1840604276","2182527518","657433604","Rodriguez","Corey","DDS","97","General Practice","473725524X","TRUE","IN_NETWORK","2025-02-26","","FALSE","FALSE","TIER_3","889 Sean Lock","San Francisco","CA","94118","06085","37.5636098","-121.8569981","798-250-7146","EXPIRED","2026-12-02","TRUE","FALSE","104","14","2.3457","CAQH_PROVIEW","2026-09-15 10:31:41","1d6799aee7b5e7b9b5468d0b3a85a769a2432ba03482b106157aa78fe8be15c2"
"1842012632","","533367080","Knapp","Christopher","DO","24","Family Practice","996353032X","TRUE","IN_NETWORK","2025-11-24","","TRUE","FALSE","TIER_1","4573 Bailey Court","Sacramento","CA","95054","06085","37.0677609","-122.463369","775-140-1051","ACTIVE","2028-04-06","TRUE","FALSE","96","18","1.3546","CAQH_PROVIEW","2026-09-15 10:31:41","efd369a66ec727c6702dc3781816209382c380b646a0f8c55033387b0d747d37"
"1933787287","","364442052","Byrd","Frank","MD","66","Rheumatology","398985184X","FALSE","IN_NETWORK","2022-02-08","","TRUE","FALSE","TIER_2","282 Castro Mountain","San Jose","CA","94609","06085","37.7170693","-121.9518413","362-266-0937","ACTIVE","2028-09-10","TRUE","FALSE","238","20","2.2876","CAQH_PROVIEW","2026-09-15 10:31:41","18cc04dd1f198be6c4d62bfc47f5ac158e9b999f6b3b271e0c9c5e95a6f140ba"
"1467247359","","472795694","Vargas","Paul","NP","08","Geriatrics","552015070X","FALSE","IN_NETWORK","2025-03-17","","FALSE","TRUE","TIER_1","41918 Michael Flat","San Jose","CA","94115","06085","37.4293503","-121.6569573","714-785-9696","ACTIVE","2028-05-08","TRUE","FALSE","185","12","1.4334","CAQH_PROVIEW","2026-09-15 10:31:41","0e4ef7eca25838387e9beac204327f7cca9dae740e4919b5f1702c5e7d029937"
"1140074897","2437102611","618342483","Matthews","Michael","MD","08","Geriatrics","156609031X","FALSE","IN_NETWORK","2022-10-31","","TRUE","FALSE","TIER_2","249 Emily Island Apt. 341","Fresno","CA","93722","06085","37.5725604","-122.2483109","252-866-9296","ACTIVE","2027-05-15","TRUE","FALSE","158","25","1.699","CAQH_PROVIEW","2026-09-15 10:31:41","19205015693e8d4c84a4e0bb63e3c1528e604f7717f2edf46952e5974b415377"
"1891217136","2883165585","234478330","Henderson","Tommy","DO","66","Rheumatology","904509987X","FALSE","PREFERRED","2022-10-15","","TRUE","TRUE","TIER_2","274 Jacob Ville","San Francisco","CA","94603","06085","37.3383793","-122.3643886","790-507-2368","ACTIVE","2027-10-21","FALSE","FALSE","122","30","1.9629","CAQH_PROVIEW","2026-09-15 10:31:41","17c9748e7408ad691878ab1ff55de60810697422c9fba5ab3079c0dd16d2fce5"
"1302059403","","686213132","Wagner","Troy","MD","66","Rheumatology","843470204X","FALSE","IN_NETWORK","2025-06-14","","TRUE","FALSE","TIER_2","7721 Laura Forges Suite 043","Oakland","CA","94123","06085","37.7629911","-122.0295315","842-797-8819","ACTIVE","2027-05-14","TRUE","FALSE","7","11","1.2029","CAQH_PROVIEW","2026-09-15 10:31:41","feb50e99eb545f3f0bc540ef666277359fff21a3bfba15e09d7fe78c1b173273"
"1798422076","2351994837","665874575","Wilson","Kimberly","MD","11","Medical Oncology","115479088X","FALSE","IN_NETWORK","2025-09-08","","FALSE","TRUE","TIER_2","078 Veronica Cove Apt. 407","Oakland","CA","94103","06085","37.2117947","-121.5876373","451-713-3959","ACTIVE","2027-06-07","FALSE","FALSE","79","17","0.8869","CAQH_PROVIEW","2026-09-15 10:31:41","93dd92e67f6632e5bb7e4c88bbe9f0e567caca24064c48421d6bbf70efeed387"
"1916880487","2745236131","530337034","Chen","Gabriel","MD","90","Nephrology","476923412X","FALSE","PREFERRED","2022-04-13","","FALSE","TRUE","TIER_1","30958 Carlson Extension","Sacramento","CA","94131","06085","37.6085098","-121.7460623","544-948-1260","ACTIVE","2027-07-28","TRUE","FALSE","114","4","2.7537","CAQH_PROVIEW","2026-09-15 10:31:41","5adbd8d70ea87ae28db736711c06c91dc26325e47475dae062e353e19788fd32"
"1547243997","2141802278","543510404","Riddle","Michelle","MD","38","Psychiatry","783208489X","FALSE","IN_NETWORK","2025-06-18","","TRUE","TRUE","TIER_3","232 Poole Trace","San Francisco","CA","94578","06085","37.4200412","-122.4350464","672-946-6711","ACTIVE","2028-07-11","TRUE","FALSE","180","40","1.9343","CAQH_PROVIEW","2026-09-15 10:31:41","d616ce00d0139a71ae1ea59d656f96b5f65588dc30fd5931f967756795abe78f"
"1646073815","2720523128","837407832","Powell","Kara","DDS","11","Medical Oncology","137830760X","FALSE","IN_NETWORK","2022-08-29","","FALSE","TRUE","TIER_1","7590 Jessica Mount Suite 186","Fresno","CA","95054","06085","37.1833309","-121.8834971","363-745-4589","ACTIVE","2027-05-07","FALSE","FALSE","187","24","1.4954","CAQH_PROVIEW","2026-09-15 10:31:41","6a5e41b5f23ce914f2e7d78915b9b8df3a8bcb8d2e753dd3604cb007fb363bbc"
"1812927059","2681716771","406023765","Anderson","Melissa","DO","78","Cardiovascular Disease","117440348X","FALSE","IN_NETWORK","2022-09-24","","FALSE","FALSE","TIER_2","001 Smith Walks Apt. 770","Oakland","CA","94603","06085","37.0500483","-121.6652357","632-424-1541","ACTIVE","2027-01-18","TRUE","FALSE","37","17","2.0035","CAQH_PROVIEW","2026-09-15 10:31:41","7dcb43c8b68c8cd92405c3c4221247ca00ecde0073f0974d5b1621c73a1c9d01"
"1259768794","2347038098","455690120","Watson","Rebecca","MD","38","Psychiatry","607493145X","FALSE","IN_NETWORK","2024-02-19","","TRUE","FALSE","TIER_2","64361 Aaron Neck","Sacramento","CA","94123","06085","37.6059534","-121.8254542","129-387-0051","ACTIVE","2027-04-28","TRUE","FALSE","102","27","2.5758","CAQH_PROVIEW","2026-09-15 10:31:41","667aa9c376e63098d5eea3ce5a2fde229c49f2faf5ab8cb06e93acd24c5268c1"
"1373161867","2454087234","568857602","Mcneil","Robert","MD","01","Internal Medicine / General Practice","388824272X","FALSE","IN_NETWORK","2025-01-25","","TRUE","FALSE","TIER_2","1361 Dakota Land","Sacramento","CA","94122","06085","37.183719","-121.8797778","426-221-8909","ACTIVE","2028-05-12","TRUE","FALSE","225","22","0.8751","CAQH_PROVIEW","2026-09-15 10:31:41","629b4fc8043d84d325eb9fd7981a2aab203cfc16a0bddc713616a80d42481794"
"1915097044","2749666568","653064757","Santos","Scott","MD","90","Nephrology","324980353X","FALSE","IN_NETWORK","2024-05-28","","TRUE","FALSE","TIER_3","269 Heath Corners","Fresno","CA","93701","06085","37.6656288","-122.2512613","121-965-6523","ACTIVE","2028-02-18","FALSE","FALSE","108","21","0.603","CAQH_PROVIEW","2026-09-15 10:31:41","a9765b161e6b9c662c018bb0f255d36c95ff9af7cc7569794e7814ef2f3671c9"
"1591673711","2395033851","505803750","Hill","Christopher","NP","08","Geriatrics","755541514X","FALSE","PREFERRED","2022-08-06","","TRUE","TRUE","TIER_2","043 Julie Hill Apt. 376","Fresno","CA","94132","06085","36.9363742","-121.9913413","137-918-0552","ACTIVE","2027-09-28","TRUE","FALSE","115","28","1.8548","CAQH_PROVIEW","2026-09-15 10:31:41","f76a36d47a34729872c6be4fcd7d3e345ed95ee68d159daa65a1d8720731b075"
"1756368209","2155287247","291271843","Hughes","Mary","NP","97","General Practice","767035780X","TRUE","IN_NETWORK","2023-09-30","","FALSE","TRUE","TIER_1","8271 Brenda Bridge Suite 300","San Jose","CA","94102","06085","37.6721826","-121.6334631","684-866-6188","ACTIVE","2028-08-02","TRUE","FALSE","209","33","1.0996","CAQH_PROVIEW","2026-09-15 10:31:41","e08e10eb00a6040eddf824bcc49f77877a53575254f4954cb0fd0b33b067858d"
"1868610421","2121477842","936828463","Jensen","Joshua","MD","86","Pulmonary Disease","627631129X","FALSE","IN_NETWORK","2022-07-02","","TRUE","TRUE","TIER_2","83285 Willis Track Apt. 463","San Jose","CA","93701","06085","37.1387065","-121.9571805","031-617-9904","ACTIVE","2026-10-15","FALSE","FALSE","57","18","2.0969","CAQH_PROVIEW","2026-09-15 10:31:41","38ac278dc7a7a27a3c27b428e4afee74df8aabf208d47749e4c175d399606f33"
"1495069737","2539118265","638654121","Wade","Diane","PA","97","General Practice","719134721X","TRUE","PREFERRED","2021-10-12","","FALSE","TRUE","TIER_3","02027 Mills Tunnel","Oakland","CA","95054","06085","37.5594688","-122.4833612","425-241-0564","ACTIVE","2027-07-26","TRUE","FALSE","16","8","2.3971","CAQH_PROVIEW","2026-09-15 10:31:41","c3077e1bd855c824a49298e950b61bc403bb6083d706874e9f2bbdca99c87dd8"
"1904651333","2135747571","339643419","Warren","Jose","MD","38","Psychiatry","832816859X","FALSE","OUT_OF_NETWORK","2024-11-12","","TRUE","FALSE","TIER_2","7850 Villarreal Expressway","Fresno","CA","94122","06085","37.6995087","-121.6984627","524-191-3800","ACTIVE","2028-06-07","TRUE","FALSE","114","11","2.2378","CAQH_PROVIEW","2026-09-15 10:31:41","9e752be3053a259a6d975405b294e58be84016e9ae9f40baf859edcd4b12a5db"
"1992195121","2700530563","255588331","Trevino","Alexander","DO","38","Psychiatry","310305599X","FALSE","IN_NETWORK","2024-05-27","","TRUE","TRUE","TIER_2","5622 Angela Station","San Francisco","CA","95014","06085","37.3729702","-121.7412591","635-365-4195","ACTIVE","2028-08-07","FALSE","FALSE","10","5","2.4554","CAQH_PROVIEW","2026-09-15 10:31:41","a5708a6b3a95988824fa6f205d677735fc6d37cbd2ffe7dd207f48fa7204cef5"
"1251722041","2496074880","358301477","Wilson","Emily","PA","86","Pulmonary Disease","860330588X","FALSE","IN_NETWORK","2023-06-21","","TRUE","TRUE","TIER_2","38061 Cline Trail","Fresno","CA","94102","06085","37.559092","-121.8572996","451-870-5349","ACTIVE","2027-05-16","TRUE","FALSE","17","13","1.3908","CAQH_PROVIEW","2026-09-15 10:31:41","3a2bc99f12f9a85ff6c8a0d3365605c9fcd72f61d8e17eb746bbcd6623cf6fe2"
"1545553352","","605358971","Mueller","Jodi","NP","11","Medical Oncology","871731348X","FALSE","IN_NETWORK","2024-11-04","","TRUE","TRUE","TIER_1","5973 Edward Lodge","San Jose","CA","93701","06085","37.3951334","-122.0970337","038-505-0641","ACTIVE","2027-05-19","TRUE","FALSE","55","14","1.3528","CAQH_PROVIEW","2026-09-15 10:31:41","0f2978a679fed6322985eadd3d2e10fe9f2ccfba0445bd38c9c0f180fc9cb0ee"
"1829744511","2559569710","385821044","Harris","Tonya","DO","78","Cardiovascular Disease","245926740X","FALSE","IN_NETWORK","2024-01-15","","TRUE","TRUE","TIER_2","0241 Samantha Vista Suite 571","Sacramento","CA","95148","06085","37.1014531","-121.633613","918-261-9906","ACTIVE","2027-02-19","FALSE","FALSE","85","2","1.6717","CAQH_PROVIEW","2026-09-15 10:31:41","e633441d51389598c950a4cc3d4d2135027ee7230c83440f94e92effaaf2e59b"
"1695140721","","739485907","Bates","David","NP","97","General Practice","248538572X","TRUE","IN_NETWORK","2022-12-02","","TRUE","TRUE","TIER_2","5655 Nelson Club Apt. 291","Fresno","CA","94132","06085","37.4841383","-121.8499368","212-775-6185","ACTIVE","2028-07-03","FALSE","FALSE","206","16","2.5198","CAQH_PROVIEW","2026-09-15 10:31:41","f5f5d186b3caefaf50c84be993d2f8351daf47255db28411ec9cf0a20c2fbe71"
"1129523994","2186454570","530847110","Oconnell","Jared","DO","24","Family Practice","476595909X","TRUE","IN_NETWORK","2025-02-03","","TRUE","TRUE","TIER_2","4112 Mckenzie Square Apt. 352","Fresno","CA","94102","06085","37.7582976","-122.0199815","135-680-4420","ACTIVE","2027-03-17","TRUE","FALSE","201","13","1.999","CAQH_PROVIEW","2026-09-15 10:31:41","f60f664bb74b42e1dbeb89c4e5cc245109e148dd372aa5d59de8ab67f67dc88c"
"1323296343","2879507062","743571747","Crane","Melissa","MD","01","Internal Medicine / General Practice","899792917X","FALSE","IN_NETWORK","2024-08-02","","TRUE","TRUE","TIER_1","71210 Maria Forges","Sacramento","CA","93722","06085","36.8334971","-122.0909588","236-519-9410","ACTIVE","2027-07-26","TRUE","FALSE","250","21","2.0058","CAQH_PROVIEW","2026-09-15 10:31:41","4f9b68bba98b83d40a22dde503fe7d0d2a0fb5c3c991cf877d8d8e5ed34d400b"
"1553834625","","920595525","Osborn","James","NP","66","Rheumatology","139534273X","FALSE","IN_NETWORK","2024-10-03","","TRUE","FALSE","TIER_3","15107 Gary Ports Suite 670","Sacramento","CA","95131","06085","37.7838533","-121.8687022","662-532-4472","ACTIVE","2027-12-10","FALSE","FALSE","193","5","0.6613","CAQH_PROVIEW","2026-09-15 10:31:41","8e922e72a186d83d5e2aab8ab9b1cfc975ed783318d2bea23012ab899f558de8"
"1889857674","2889842632","628532743","Johnson","Christine","NP","24","Family Practice","186274942X","TRUE","PREFERRED","2025-09-23","","TRUE","FALSE","TIER_2","476 Brown Harbors","Oakland","CA","94609","06085","37.4894349","-121.9021459","626-383-8065","ACTIVE","2027-01-03","FALSE","FALSE","133","13","2.2224","CAQH_PROVIEW","2026-09-15 10:31:41","e7802515f98de13e95965a1233a0137e4630da4aa816900180d20a8706518693"
"1580845219","2818257671","200064344","Castillo","Kimberly","MD","38","Psychiatry","595594423X","FALSE","IN_NETWORK","2022-02-07","","TRUE","TRUE","TIER_1","856 White Island Apt. 040","Fresno","CA","94577","06085","37.4428362","-121.8520902","785-932-1334","ACTIVE","2027-01-18","TRUE","FALSE","145","9","2.1288","CAQH_PROVIEW","2026-09-15 10:31:41","2e0c00b232d83fc50663fff3b3d535f91cc88762c06b20f4cd5a2c8bbb2528f4"
"1116989506","2349828001","942659360","Ferguson","Kylie","MD","66","Rheumatology","883826166X","FALSE","PREFERRED","2025-03-15","","TRUE","TRUE","TIER_2","96522 Brittany Valley","Fresno","CA","93701","06085","37.4188242","-122.2237736","590-599-2937","ACTIVE","2028-04-06","TRUE","FALSE","237","18","2.4673","CAQH_PROVIEW","2026-09-15 10:31:41","7de9290b40a826272894752ee67aa6bef9b46176662d51cb55164fc77368738e"
"1438814661","","771159915","Weaver","Gregory","MD","38","Psychiatry","134608333X","FALSE","PREFERRED","2024-06-26","","TRUE","TRUE","TIER_2","03930 Smith Ridges","San Jose","CA","94132","06085","36.8547951","-122.4327673","325-250-0292","ACTIVE","2026-12-22","FALSE","FALSE","59","35","1.8588","CAQH_PROVIEW","2026-09-15 10:31:41","080014271ff5d3417014eb5451b9e7721388b8ac5b56444129769d01d24e0c68"
"1196946732","2210715242","217917540","Schroeder","Meghan","PA","38","Psychiatry","901338353X","FALSE","IN_NETWORK","2022-06-12","","TRUE","FALSE","TIER_2","56915 Morris Estate Suite 752","Sacramento","CA","94121","06085","36.8026628","-122.1726856","895-392-6442","ACTIVE","2027-08-20","TRUE","FALSE","128","14","2.4281","CAQH_PROVIEW","2026-09-15 10:31:41","e3cdbdba1bcb3dadde88655046444f66acc8850f02468426fad4992992715102"
"1188139946","","593492969","Thompson","Aaron","MD","90","Nephrology","824041303X","FALSE","OUT_OF_NETWORK","2025-02-28","","TRUE","TRUE","TIER_2","029 Mccall Ridge Apt. 917","Oakland","CA","94501","06085","37.1024463","-122.296213","251-355-2157","ACTIVE","2028-03-06","FALSE","FALSE","55","17","2.5716","CAQH_PROVIEW","2026-09-15 10:31:41","22e24e22f12c8a1808042049853fc517575f48c927fd2abc994994ec3084d92f"
"1549262283","2746733407","552045964","Smith","Jason","MD","66","Rheumatology","768530781X","FALSE","IN_NETWORK","2022-09-27","","TRUE","TRUE","TIER_1","4100 Kim Manor","Oakland","CA","95126","06085","37.4376955","-121.8062335","267-658-6179","ACTIVE","2028-04-17","TRUE","FALSE","185","4","2.6083","CAQH_PROVIEW","2026-09-15 10:31:41","0f6f3c36a4d781ddb79f4721835f1d48025bd0ed4ce6c444707aae8b1941d47a"
"1694853574","2204261278","830927112","Curtis","Gloria","MD","78","Cardiovascular Disease","671760513X","FALSE","IN_NETWORK","2021-12-10","","FALSE","TRUE","TIER_3","1040 Green Cove","San Francisco","CA","95126","06085","37.5578984","-122.3221855","152-621-8159","ACTIVE","2028-01-29","FALSE","FALSE","192","3","2.7833","CAQH_PROVIEW","2026-09-15 10:31:41","9fee5798afc174c5845dc08bd82357c02389a7e71717477ebf517211f61acbca"
"1672164274","2497258095","816578295","Galloway","Patricia","MD","08","Geriatrics","360020221X","FALSE","PREFERRED","2021-12-08","","FALSE","FALSE","TIER_3","2962 Craig Ford","San Francisco","CA","95014","06085","37.7147279","-122.3972037","368-844-4310","ACTIVE","2027-04-10","TRUE","FALSE","49","4","1.6845","CAQH_PROVIEW","2026-09-15 10:31:41","8d58929d32b060058415427ac4ed4e5f27d1f0415d4754981cc1609adf8a2fbd"
"1266148276","2310214170","257953960","Long","Andrea","DDS","86","Pulmonary Disease","444378828X","FALSE","OUT_OF_NETWORK","2024-12-17","","TRUE","TRUE","TIER_1","05061 Colon Road Suite 310","Oakland","CA","94131","06085","36.8838475","-121.6173462","324-171-4677","ACTIVE","2027-05-04","FALSE","FALSE","80","0","1.5345","CAQH_PROVIEW","2026-09-15 10:31:41","3dfd9c0ed26a1a2630677cc0def222c607deaebb95a1fba2f6531b8fa94e8d70"
"1672115331","2590290387","636773725","Jacobson","Joseph","NP","08","Geriatrics","860123760X","FALSE","IN_NETWORK","2023-10-16","","TRUE","FALSE","TIER_1","56527 Jose Mountain Suite 349","Oakland","CA","94609","06085","37.3490296","-121.8363562","021-158-6938","ACTIVE","2027-10-19","TRUE","FALSE","231","19","0.7753","CAQH_PROVIEW","2026-09-15 10:31:41","50d8e8b4cfedc3898ba2bfdbc67412e5a4fa7f877d1d54556fbb892daba19415"
"1699536371","2763705212","987850083","Brown","Paul","NP","11","Medical Oncology","124597092X","FALSE","IN_NETWORK","2023-11-12","","FALSE","FALSE","TIER_1","793 Evans Locks Apt. 898","Fresno","CA","95054","06085","36.9527009","-122.083024","992-172-2332","ACTIVE","2027-07-15","TRUE","FALSE","169","24","2.087","CAQH_PROVIEW","2026-09-15 10:31:41","40cea75dcf4ed65edc2a850c0c266105989b49ad91486356324044a9a8fcbd6b"
"1200162338","","634326254","Williams","Christian","MD","01","Internal Medicine / General Practice","548183313X","FALSE","IN_NETWORK","2023-05-23","","FALSE","TRUE","TIER_2","29451 Paul Locks Suite 487","San Francisco","CA","94122","06085","37.4641538","-122.3660024","099-861-6229","ACTIVE","2027-02-27","FALSE","FALSE","167","31","1.3184","CAQH_PROVIEW","2026-09-15 10:31:41","3be1e4a1c81b0a90de1225547655498d9ca97472f1f9aed6cfa720e25b5fe0c4"
"1785086580","2958597195","960656340","Matthews","Katherine","MD","78","Cardiovascular Disease","104168499X","FALSE","IN_NETWORK","2026-02-25","","TRUE","TRUE","TIER_2","91485 Baker Shoal","Oakland","CA","94102","06085","37.3290781","-121.8685728","799-702-4629","ACTIVE","2027-03-13","FALSE","FALSE","131","8","2.2481","CAQH_PROVIEW","2026-09-15 10:31:41","4ccfe5a323444951dcfae1201c25d042ec2e7f57ac050ed65e318ece5ff2c0fe"
"1691919737","","472825588","Franklin","Heather","NP","86","Pulmonary Disease","697538506X","FALSE","IN_NETWORK","2023-08-14","","FALSE","TRUE","TIER_1","5307 Prince Brooks","Oakland","CA","94132","06085","37.3588568","-121.8843154","544-471-3247","ACTIVE","2028-02-01","TRUE","FALSE","27","18","1.2698","CAQH_PROVIEW","2026-09-15 10:31:41","2265af9bf57d7ac59f69eac0e880d40e18b8cbdc27c3e42d43e94757bc1aa2c7"
"1870107397","","247156400","Schroeder","Manuel","MD","01","Internal Medicine / General Practice","130794826X","FALSE","IN_NETWORK","2025-03-29","","FALSE","FALSE","TIER_3","137 Robin Lodge Suite 850","Oakland","CA","93701","06085","37.7477252","-122.1005663","821-486-2890","ACTIVE","2027-03-14","FALSE","FALSE","8","26","2.3013","CAQH_PROVIEW","2026-09-15 10:31:41","507d717a0999d46e4ce70f46b8af5bbb492c579481a9ea203077581633dcf756"
"1422590594","2882411034","827520115","Thompson","Nancy","MD","86","Pulmonary Disease","567777330X","FALSE","IN_NETWORK","2024-01-06","","FALSE","TRUE","TIER_3","30705 Joshua View","San Francisco","CA","94102","06085","37.0571757","-122.4165684","786-103-5797","PENDING","2028-05-30","TRUE","FALSE","29","24","1.2572","CAQH_PROVIEW","2026-09-15 10:31:41","fffb6b383d7606292af53a6788b0c7ab5435a5c8bfb686a84a8eedf286fd08fc"
"1480554652","","869413951","Thompson","Monica","NP","78","Cardiovascular Disease","179530865X","FALSE","PREFERRED","2025-01-22","","TRUE","FALSE","TIER_1","2414 Paul Estates Apt. 333","Fresno","CA","95126","06085","37.225568","-121.5174639","468-007-2290","SUSPENDED","2027-11-09","TRUE","FALSE","170","8","2.5356","CAQH_PROVIEW","2026-09-15 10:31:41","5a20065584ea5a975fb7744486b39100ebb84ab109d82d289dd485a0f9c05e7c"
"1248232294","2814477625","680195079","Walker","Charlene","PA","97","General Practice","185514406X","TRUE","IN_NETWORK","2021-12-27","","TRUE","TRUE","TIER_1","466 Stevens Forge Suite 489","Sacramento","CA","94102","06085","37.7221049","-122.0180056","691-085-8994","ACTIVE","2027-11-10","TRUE","FALSE","9","13","1.2573","CAQH_PROVIEW","2026-09-15 10:31:41","64d0c135146dafe19499381e0b9972d58a92ec9ae5220189c760e12386d66b9a"
"1915966459","2732564212","963750314","Evans","Daniel","NP","38","Psychiatry","378760003X","FALSE","PREFERRED","2023-08-21","","FALSE","FALSE","TIER_2","4544 Lopez Path","Oakland","CA","94122","06085","37.7507384","-121.9304622","309-652-0744","ACTIVE","2028-05-10","FALSE","FALSE","64","19","1.5131","CAQH_PROVIEW","2026-09-15 10:31:41","fe2c94b87021ae2018d0e50d2ec4e737f1ed4f7ea88ed07538f207d38be57c3d"
"1702148243","2522885914","729810408","Meadows","Richard","MD","24","Family Practice","697637388X","TRUE","IN_NETWORK","2024-10-12","","FALSE","FALSE","TIER_3","935 Gina Route","Fresno","CA","94603","06085","37.1313811","-122.2789373","758-428-2417","ACTIVE","2026-12-11","FALSE","FALSE","213","40","1.7161","CAQH_PROVIEW","2026-09-15 10:31:41","11a7b7a1b7303c20bdd19cb12c1d4e3111b09ad66aca39c3c4e0e97a372b4b4b"
"1927020351","2270564185","764291201","Anderson","Jonathan","PA","78","Cardiovascular Disease","869769967X","FALSE","PREFERRED","2023-03-17","","FALSE","FALSE","TIER_2","513 Walker Well","San Francisco","CA","93727","06085","37.4635328","-121.8375722","465-549-4717","ACTIVE","2027-10-26","FALSE","FALSE","139","13","0.8548","CAQH_PROVIEW","2026-09-15 10:31:41","d20fa8578f4aaf0499b3ba179415044b567115b6c9b57c4cd21511f06d0ac57d"
"1501060410","2119834267","855854223","Brown","Cynthia","PA","24","Family Practice","399082069X","TRUE","IN_NETWORK","2024-05-25","","FALSE","TRUE","TIER_3","3816 Gutierrez Ways","Oakland","CA","95131","06085","37.2849585","-122.0904958","223-569-7252","ACTIVE","2028-09-11","TRUE","FALSE","192","17","1.8214","CAQH_PROVIEW","2026-09-15 10:31:41","bcefdf1e2aa311b1771f14ff8640c8e5b1d65857be5a3f68def256f07295e833"
"1992226732","","843923268","Maxwell","Tony","DO","97","General Practice","640034553X","TRUE","IN_NETWORK","2022-04-16","","TRUE","TRUE","TIER_1","0074 Kathleen Extension","Fresno","CA","95054","06085","37.6972231","-121.8163209","927-129-6666","ACTIVE","2028-02-16","TRUE","FALSE","75","5","2.724","CAQH_PROVIEW","2026-09-15 10:31:41","51ad00e841d8d238b0710c4d61704f1178b175cb1b6d9f73df8cb4a45624432b"
"1169116768","2762601782","864451451","Sanford","Patrick","MD","38","Psychiatry","376136215X","FALSE","OUT_OF_NETWORK","2024-05-03","","TRUE","FALSE","TIER_2","350 Sherman Pines","Oakland","CA","93727","06085","36.9203003","-121.7518081","300-335-4216","ACTIVE","2027-09-10","FALSE","FALSE","206","20","0.6655","CAQH_PROVIEW","2026-09-15 10:31:41","c62bc9eb07c490c0e4af30a4d2ba6cd458e40f0c0a56747525320a3036626585"
"1484604062","","397230769","Gordon","Kevin","MD","78","Cardiovascular Disease","218387850X","FALSE","IN_NETWORK","2023-12-29","","FALSE","FALSE","TIER_1","44789 Hamilton Spur","San Francisco","CA","94103","06085","37.3657245","-122.2934551","257-532-6033","ACTIVE","2026-10-23","TRUE","FALSE","199","20","1.8239","CAQH_PROVIEW","2026-09-15 10:31:41","8a13486a31d7561f1dc04856bc619dbb54cf80dd828c92d689ecd4c4b00035ee"
"1800302657","2540459436","794098361","Acosta","David","MD","11","Medical Oncology","774771058X","FALSE","IN_NETWORK","2023-04-20","","FALSE","TRUE","TIER_1","821 Dawson Turnpike","San Francisco","CA","95014","06085","37.5722934","-121.8997976","064-890-9010","ACTIVE","2027-05-23","TRUE","FALSE","249","5","2.3503","CAQH_PROVIEW","2026-09-15 10:31:41","caec56360c4d65ce589fb3ef07e0cbea770bb63a96425ad481f616d270c576a2"
"1643475260","","765844292","Williams","Darrell","MD","01","Internal Medicine / General Practice","901946435X","FALSE","IN_NETWORK","2023-06-28","","TRUE","TRUE","TIER_2","1847 Jamie Spur Apt. 461","Oakland","CA","94131","06085","37.2386336","-122.2579892","849-926-1891","ACTIVE","2027-09-21","TRUE","FALSE","74","26","2.5257","CAQH_PROVIEW","2026-09-15 10:31:41","b8a4cf9a25ccf6020628ded51eb5b072a3e19db63e833fed120ec6fb5285d7dc"
"1470494952","","732331787","Campbell","Kristen","MD","24","Family Practice","775519335X","TRUE","IN_NETWORK","2024-05-07","","TRUE","TRUE","TIER_3","93483 Warner Hill Apt. 087","Oakland","CA","93722","06085","37.6246954","-122.0970994","375-300-1197","ACTIVE","2027-07-15","TRUE","FALSE","164","36","0.6448","CAQH_PROVIEW","2026-09-15 10:31:41","e21815c37f4123639a15b546931df58d1297102bde843e1deee1b984e7fbcd4e"
"1743494332","2191795596","583773375","Hernandez","Christopher","DDS","11","Medical Oncology","875944748X","FALSE","PREFERRED","2021-10-25","","TRUE","FALSE","TIER_3","143 Hinton Hill","Sacramento","CA","94121","06085","37.6030196","-122.1355692","470-120-4556","ACTIVE","2028-09-13","TRUE","FALSE","67","1","2.0492","CAQH_PROVIEW","2026-09-15 10:31:41","3bc849b253c95c9e21af1ed8a8808026fa1b9dd982ef9cfd46919c5fc20c2081"
"1587466702","2649754205","486683631","Rodgers","Cody","MD","66","Rheumatology","524583294X","FALSE","PREFERRED","2026-03-14","","TRUE","FALSE","TIER_2","22557 Johns Course","San Francisco","CA","94123","06085","37.742393","-122.1292195","552-166-7467","ACTIVE","2027-07-08","TRUE","FALSE","217","30","2.4093","CAQH_PROVIEW","2026-09-15 10:31:41","c200b5c71d5b96379ddd0ad247e707845c9fe7ec5ffbaa3fae81f2a94b53a0e0"
"1188246628","2203054880","529444337","Marsh","Deborah","DO","97","General Practice","277394348X","TRUE","IN_NETWORK","2024-04-24","","TRUE","TRUE","TIER_3","20216 Pham Springs","Oakland","CA","94115","06085","36.9531767","-121.8224138","729-659-0277","ACTIVE","2027-10-29","FALSE","FALSE","163","34","0.909","CAQH_PROVIEW","2026-09-15 10:31:41","6b9188caae90a56380e4506f36da3f33204b906ad87819480274312230ee08f1"
"1915330243","","716908764","Rodriguez","Robert","MD","24","Family Practice","450194069X","TRUE","IN_NETWORK","2024-07-07","","TRUE","TRUE","TIER_2","45089 Tiffany Skyway","San Jose","CA","95126","06085","37.1792353","-122.1807607","588-916-3756","ACTIVE","2028-01-02","FALSE","FALSE","168","19","1.0121","CAQH_PROVIEW","2026-09-15 10:31:41","be7c9d3d867083343666017e41829d4799b4b1acc3bbc2bf230dc3fe1d88df7a"
"1922309126","2757657770","257733140","Hernandez","Margaret","MD","78","Cardiovascular Disease","845105527X","FALSE","IN_NETWORK","2024-11-11","","TRUE","TRUE","TIER_2","28772 Karen Islands","San Jose","CA","94121","06085","37.525924","-121.6699316","354-083-8663","ACTIVE","2027-04-11","TRUE","FALSE","97","37","1.5668","CAQH_PROVIEW","2026-09-15 10:31:41","15d4953a771d6d4319d1114fabff6746a9c8325d4a3454e564d999de20d47b25"
"1234206305","2177048014","907878474","Miller","Sean","MD","01","Internal Medicine / General Practice","676126506X","FALSE","IN_NETWORK","2023-07-03","","TRUE","TRUE","TIER_1","77517 Curtis Loop Apt. 880","Oakland","CA","93727","06085","37.0877364","-121.5390587","199-488-3755","ACTIVE","2027-06-06","FALSE","FALSE","124","32","1.2746","CAQH_PROVIEW","2026-09-15 10:31:41","0c7a69ba043e71191950100933c8c212fbc8f7578d6a4ca15f4eb6fd97c96866"
"1373334269","2765263050","914243754","Bryan","Lisa","MD","08","Geriatrics","355322132X","FALSE","IN_NETWORK","2025-05-27","","TRUE","FALSE","TIER_1","8997 Baldwin Crescent Apt. 305","Oakland","CA","94578","06085","37.128799","-121.8512987","548-851-0272","ACTIVE","2027-11-21","FALSE","FALSE","146","1","2.4182","CAQH_PROVIEW","2026-09-15 10:31:41","59419d68d465f215245250f015464a1cb46c21ae1c9e6956833f2095ea432d0a"
"1823864197","2945480236","770052801","Underwood","Julia","NP","97","General Practice","381848009X","TRUE","PREFERRED","2022-09-10","","TRUE","FALSE","TIER_3","49331 Lewis Views Apt. 516","Fresno","CA","94577","06085","36.8977211","-122.0912158","091-779-8270","ACTIVE","2027-10-20","TRUE","FALSE","47","15","0.9908","CAQH_PROVIEW","2026-09-15 10:31:41","4f0bf16d3517c3743015bd7c1544eefb4919b60aebf50fdd65560e746247b73b"
"1890340597","","918806764","Moreno","Brandon","DO","38","Psychiatry","873485234X","FALSE","IN_NETWORK","2022-04-29","","TRUE","TRUE","TIER_2","782 Jessica Crossroad Apt. 699","Sacramento","CA","93701","06085","37.5163173","-122.2455146","586-693-4654","ACTIVE","2028-01-13","TRUE","FALSE","94","20","1.8154","CAQH_PROVIEW","2026-09-15 10:31:41","2334f09abaf20850fc0aa857d598fa7eee8891ce961dedf76e8567e06f213ead"
"1144818105","2120717832","283572632","Chavez","Dennis","MD","90","Nephrology","761183026X","FALSE","PREFERRED","2022-05-31","","TRUE","FALSE","TIER_2","848 Joseph Plaza Apt. 339","San Francisco","CA","95148","06085","36.8253983","-121.8915169","452-288-5158","ACTIVE","2027-02-17","TRUE","FALSE","117","2","2.6623","CAQH_PROVIEW","2026-09-15 10:31:41","ed28fcb0304a14cc31abe3f4d2b0ca07f39df03dc9ef3d6368fea1defb058dbe"
"1593934037","2855522992","367606581","Castillo","Ashley","MD","97","General Practice","956981838X","TRUE","PREFERRED","2024-03-02","","TRUE","FALSE","TIER_1","846 Alexandra Burg Suite 200","Sacramento","CA","94577","06085","37.1126011","-121.8200959","342-442-0438","ACTIVE","2027-04-15","TRUE","FALSE","202","37","1.4757","CAQH_PROVIEW","2026-09-15 10:31:41","086869179bada3eac469894785441bcda6f43288f617b829d3ba55efda77e7ce"
"1531434021","2162054679","687966880","Johnson","Lisa","MD","24","Family Practice","673355009X","TRUE","IN_NETWORK","2023-03-13","","TRUE","FALSE","TIER_1","838 Young Tunnel","San Jose","CA","95126","06085","37.503231","-121.9056536","406-665-8004","ACTIVE","2028-09-03","TRUE","FALSE","64","22","2.3866","CAQH_PROVIEW","2026-09-15 10:31:41","da015e1579b411dfeb85d4f643ecc3f64f7963bde72d267c1f6230de08ae6a4b"
"1908829922","2564085460","635067922","Harris","Misty","PA","24","Family Practice","341609039X","TRUE","IN_NETWORK","2024-06-15","","TRUE","FALSE","TIER_1","59893 Kelly Fall Apt. 228","Sacramento","CA","94122","06085","37.2924989","-122.190244","160-648-4229","ACTIVE","2027-08-28","TRUE","FALSE","110","28","2.2678","CAQH_PROVIEW","2026-09-15 10:31:41","ccc4074d335a7574ea425d753667cbcf5c6a6e5b801b340cdb9351d8cb03d3a8"
"1167168555","","591062442","Singleton","Adam","NP","38","Psychiatry","569174612X","FALSE","IN_NETWORK","2024-03-02","","TRUE","TRUE","TIER_1","202 Carlson Trail Suite 798","San Francisco","CA","93711","06085","36.8515496","-122.0437231","515-832-8182","ACTIVE","2026-10-26","TRUE","FALSE","136","11","2.7409","CAQH_PROVIEW","2026-09-15 10:31:41","efe907908b635bb65bdcce7c0a35407a283da9cdd8459d049e370bec66c49649"
"1467976839","","761663571","Perry","Amanda","MD","11","Medical Oncology","726285652X","FALSE","OUT_OF_NETWORK","2025-08-19","","TRUE","TRUE","TIER_2","3355 Carter Terrace","San Jose","CA","93720","06085","37.5784038","-122.4316905","987-801-5739","ACTIVE","2027-07-12","TRUE","FALSE","249","12","2.3326","CAQH_PROVIEW","2026-09-15 10:31:41","1ea6944de6813046f40a005dff1bfc117dfb7ce2fd080945b69b61e4e9f3e465"
"1278506355","2257568090","557713542","Sellers","John","NP","08","Geriatrics","428708841X","FALSE","IN_NETWORK","2024-01-02","","FALSE","FALSE","TIER_2","561 Scott Stream","Fresno","CA","94603","06085","37.2892319","-121.8580888","408-588-7704","ACTIVE","2027-02-02","TRUE","FALSE","72","40","1.947","CAQH_PROVIEW","2026-09-15 10:31:41","5872975ca7b1fe17c20f00fd2dbd14b024dba858e9eef27c609072af399e4e29"
"1505383053","2814825057","947628191","Villanueva","James","MD","66","Rheumatology","329597323X","FALSE","PREFERRED","2024-01-27","","FALSE","TRUE","TIER_1","28801 Ellen Trail","San Francisco","CA","94118","06085","37.3207719","-121.7027074","361-386-1207","ACTIVE","2027-01-01","TRUE","FALSE","180","21","0.8321","CAQH_PROVIEW","2026-09-15 10:31:41","964fdd86adab7e87770797ef718e1354824f2fd964a3ae9ee7777deff0bcec8d"
"1321274065","","500066089","Love","Benjamin","PA","90","Nephrology","186190530X","FALSE","PREFERRED","2024-10-03","","TRUE","TRUE","TIER_2","24819 Rhonda Lodge","San Francisco","CA","94577","06085","37.1009082","-122.400283","676-650-6180","ACTIVE","2027-12-28","TRUE","FALSE","247","4","1.1004","CAQH_PROVIEW","2026-09-15 10:31:41","4990e2525997088a7191a70c8f2c77b246958dff468603a20737e476c8f6675c"
"1660737567","2101738851","745630721","May","Christine","MD","24","Family Practice","935060540X","TRUE","IN_NETWORK","2024-01-01","","FALSE","TRUE","TIER_2","158 Keith Spur","Fresno","CA","94122","06085","37.3417027","-121.5885817","491-476-6072","ACTIVE","2028-01-11","FALSE","FALSE","16","36","0.5243","CAQH_PROVIEW","2026-09-15 10:31:41","22081caf8c379543c1efbbf4ee5ea0eea0aba63ab51784a402db489e4e706ad4"
"1552891279","2170523834","883445927","Ferguson","Derek","MD","86","Pulmonary Disease","200726798X","FALSE","IN_NETWORK","2023-06-02","","TRUE","TRUE","TIER_3","424 Bernard Branch Apt. 100","Sacramento","CA","95126","06085","36.8025836","-122.0789323","996-881-4353","ACTIVE","2028-06-24","TRUE","FALSE","221","33","1.4079","CAQH_PROVIEW","2026-09-15 10:31:41","cc52ee474dbcac633c7e4af0eb614bbef550bda446e138476d62f4b7aa0a7b29"
"1152963104","2530147075","475632325","Gutierrez","Debbie","DO","38","Psychiatry","601725388X","FALSE","IN_NETWORK","2024-07-16","","TRUE","FALSE","TIER_2","23943 Howard Union","Fresno","CA","94122","06085","37.1871226","-122.202627","908-781-4141","ACTIVE","2028-09-01","TRUE","FALSE","14","20","2.1512","CAQH_PROVIEW","2026-09-15 10:31:41","9528f0de67b0c5fadedb35c1df1fedcb2475ea72163179758d9d7bd6fb02c377"
"1835176322","2346389450","520369985","Gonzalez","Beverly","MD","24","Family Practice","974402433X","TRUE","IN_NETWORK","2022-07-03","","FALSE","FALSE","TIER_1","2314 Rachel Island Suite 759","Sacramento","CA","94603","06085","37.5193181","-121.7493112","492-995-5620","ACTIVE","2026-11-17","TRUE","FALSE","120","3","0.7838","CAQH_PROVIEW","2026-09-15 10:31:41","793b9d7fb870bc7268070dd67fd7c03a8cacdca3d58ecf783e193a19b30b6b1f"
